date,facility_id,facility_name,region,department,electricity_kwh,fuel_liters,renewable_kwh,transport_km,process_units,production_output_tons,waste_tons,offsets_tco2e,scope1_tco2e,scope2_tco2e,scope3_tco2e,total_tco2e,carbon_intensity
2025-11-18,FAC-DE-01,Digital Motor Works,Bavaria-DE,Assembly,5908.53,518.43,884.63,891.49,1319.26,190.72,9.41,3.636,2.66694,1.674399,25.206813,25.912613,0.135869
2025-11-19,FAC-DE-01,Digital Motor Works,Bavaria-DE,Assembly,3932.29,456.37,1170.5,795.13,1361.86,206.94,10.88,4.711,2.518116,0.934016,27.440265,26.181586,0.12652
2025-11-20,FAC-DE-01,Digital Motor Works,Bavaria-DE,Assembly,3637.23,385.99,1056.77,833.47,1535.51,211.55,12.0,3.422,2.482642,0.871959,28.407775,28.340319,0.133964
2025-11-21,FAC-DE-01,Digital Motor Works,Bavaria-DE,Assembly,3171.94,401.31,994.3,912.72,1411.35,222.05,7.64,3.103,2.43445,0.737875,27.710352,27.779661,0.125107
2025-11-22,FAC-DE-01,Digital Motor Works,Bavaria-DE,Assembly,2145.16,225.01,658.37,610.44,770.52,116.98,5.84,3.213,1.366243,0.50338,15.922596,14.578782,0.124624
2025-11-23,FAC-DE-01,Digital Motor Works,Bavaria-DE,Assembly,2136.72,295.61,657.54,592.67,962.88,132.76,5.88,2.874,1.71367,0.50085,17.559096,16.8993,0.127295
2025-11-24,FAC-DE-01,Digital Motor Works,Bavaria-DE,Assembly,3257.96,556.51,780.46,787.84,1271.31,194.3,10.97,4.637,2.709032,0.832532,26.167835,25.07249,0.129043
2025-11-25,FAC-DE-01,Digital Motor Works,Bavaria-DE,Assembly,3347.53,447.17,1260.61,733.51,1372.04,201.82,11.61,2.545,2.490292,0.713225,27.180466,27.839433,0.137939
2025-11-26,FAC-DE-01,Digital Motor Works,Bavaria-DE,Assembly,3216.63,483.96,772.44,913.85,1481.4,183.29,10.2,3.009,2.715033,0.821388,24.787455,25.315314,0.138116
2025-11-27,FAC-DE-01,Digital Motor Works,Bavaria-DE,Assembly,3756.51,425.89,1294.06,855.26,1213.36,164.53,7.37,3.479,2.323116,0.837738,21.623525,21.305875,0.129497
2025-11-28,FAC-DE-01,Digital Motor Works,Bavaria-DE,Assembly,3707.71,470.11,837.22,968.99,963.24,137.03,7.34,3.657,2.253122,0.963263,18.847319,18.40625,0.134321
2025-11-29,FAC-DE-01,Digital Motor Works,Bavaria-DE,Assembly,2681.41,234.38,793.81,615.48,901.38,125.03,8.09,3.481,1.502228,0.638246,17.701073,16.360479,0.130849
2025-11-30,FAC-DE-01,Digital Motor Works,Bavaria-DE,Assembly,2388.1,285.05,966.03,487.71,936.59,143.43,7.09,4.715,1.643332,0.488126,19.103976,16.520027,0.115176
2025-12-01,FAC-DE-01,Digital Motor Works,Bavaria-DE,Assembly,4167.81,483.39,374.81,911.61,1340.25,197.38,9.17,3.329,2.594514,1.258352,25.80825,26.332555,0.133409
2025-12-02,FAC-DE-01,Digital Motor Works,Bavaria-DE,Assembly,3761.15,512.68,935.4,821.43,1538.12,223.77,11.53,2.571,2.82208,0.950451,29.466341,30.667915,0.137051
2025-12-03,FAC-DE-01,Digital Motor Works,Bavaria-DE,Assembly,3736.07,451.54,1332.53,1067.09,1480.9,206.71,12.44,2.687,2.656843,0.81907,28.239353,29.028417,0.140427
2025-12-04,FAC-DE-01,Digital Motor Works,Bavaria-DE,Assembly,4116.05,375.76,1763.45,950.73,1523.59,208.6,12.77,4.479,2.467488,0.810802,28.501305,27.300679,0.130873
2025-12-05,FAC-DE-01,Digital Motor Works,Bavaria-DE,Assembly,3925.51,460.19,753.08,844.33,1718.13,216.21,10.16,3.744,2.836972,1.06118,28.121394,28.275213,0.130779
2025-12-06,FAC-DE-01,Digital Motor Works,Bavaria-DE,Assembly,1920.35,316.95,605.88,664.51,738.44,105.22,3.79,3.793,1.595961,0.445509,13.885021,12.133523,0.115311
2025-12-07,FAC-DE-01,Digital Motor Works,Bavaria-DE,Assembly,2139.42,330.87,516.68,542.09,1029.38,140.0,8.91,3.877,1.85441,0.545411,19.548366,18.071248,0.129077
2025-12-08,FAC-DE-01,Digital Motor Works,Bavaria-DE,Assembly,3787.04,438.08,1211.59,871.66,1601.94,207.91,10.76,4.095,2.685306,0.873372,27.534256,26.998364,0.129854
2025-12-09,FAC-DE-01,Digital Motor Works,Bavaria-DE,Assembly,3157.37,464.87,521.63,882.25,1449.15,214.24,12.13,3.878,2.630782,0.879593,28.772085,28.404821,0.132581
2025-12-10,FAC-DE-01,Digital Motor Works,Bavaria-DE,Assembly,3414.98,384.66,992.2,902.34,1156.29,164.78,7.35,4.006,2.173628,0.818677,21.670955,20.657249,0.125365
2025-12-11,FAC-DE-01,Digital Motor Works,Bavaria-DE,Assembly,3162.21,497.08,1078.78,797.44,1322.32,183.43,9.35,5.437,2.594434,0.708476,24.369214,22.235585,0.121224
2025-12-12,FAC-DE-01,Digital Motor Works,Bavaria-DE,Assembly,3477.97,446.89,999.91,1032.72,961.19,136.65,10.1,3.237,2.201283,0.837062,20.003691,19.804887,0.144928
2025-12-13,FAC-DE-01,Digital Motor Works,Bavaria-DE,Assembly,1941.49,282.68,504.04,508.75,797.12,111.82,2.75,4.986,1.523824,0.484053,14.029093,11.050744,0.098828
2025-12-14,FAC-DE-01,Digital Motor Works,Bavaria-DE,Assembly,2484.04,293.03,589.11,819.02,699.66,105.27,3.27,2.982,1.528653,0.636613,13.764358,12.947132,0.122988
2025-12-15,FAC-DE-01,Digital Motor Works,Bavaria-DE,Assembly,3508.7,439.83,1487.0,717.38,1308.11,191.19,11.47,4.166,2.41387,0.696199,26.014771,24.95849,0.130541
2025-12-16,FAC-DE-01,Digital Motor Works,Bavaria-DE,Assembly,3344.39,547.1,1455.69,912.13,1130.32,157.5,6.29,3.106,2.588991,0.651716,20.47889,20.613415,0.130882
2025-12-17,FAC-DE-01,Digital Motor Works,Bavaria-DE,Assembly,3484.12,429.88,1298.35,757.9,1361.6,203.6,8.75,4.23,2.439828,0.746575,26.176291,25.13275,0.123442
2025-12-18,FAC-DE-01,Digital Motor Works,Bavaria-DE,Assembly,3293.96,519.89,1202.4,868.0,1266.86,169.18,8.06,3.08,2.622394,0.713604,22.401986,22.658268,0.133929
2025-12-19,FAC-DE-01,Digital Motor Works,Bavaria-DE,Assembly,3751.15,473.33,1543.13,1161.3,1426.59,203.13,11.21,4.063,2.687516,0.75876,27.412776,26.795772,0.131915
2025-12-20,FAC-DE-01,Digital Motor Works,Bavaria-DE,Assembly,2660.95,216.89,1211.11,498.19,936.13,129.47,7.69,2.6,1.462278,0.502135,17.920442,17.284745,0.133501
2025-12-21,FAC-DE-01,Digital Motor Works,Bavaria-DE,Assembly,2182.1,275.22,723.78,565.25,602.87,90.1,2.87,1.857,1.351406,0.495286,11.875912,11.865226,0.131693
2025-12-22,FAC-DE-01,Digital Motor Works,Bavaria-DE,Assembly,4359.71,486.99,1829.18,844.41,1595.32,208.68,10.44,3.408,2.805633,0.870788,27.463076,27.73177,0.132891
2025-12-23,FAC-DE-01,Digital Motor Works,Bavaria-DE,Assembly,4144.01,458.44,702.8,884.07,1260.47,183.35,8.34,3.765,2.45537,1.148827,23.992221,23.831904,0.12998
2025-12-24,FAC-DE-01,Digital Motor Works,Bavaria-DE,Assembly,4307.05,424.79,1313.44,855.3,1381.61,213.59,10.7,3.77,2.461482,1.013297,28.088071,27.792399,0.13012
2025-12-25,FAC-DE-01,Digital Motor Works,Bavaria-DE,Assembly,4537.83,419.32,1955.69,921.87,1356.17,207.84,11.02,4.324,2.438106,0.890311,27.670496,26.674815,0.12834
2025-12-26,FAC-DE-01,Digital Motor Works,Bavaria-DE,Assembly,4804.79,365.78,1904.2,911.34,1071.87,156.38,7.97,4.34,2.053808,0.994319,21.069252,19.777112,0.126469
2025-12-27,FAC-DE-01,Digital Motor Works,Bavaria-DE,Assembly,2200.48,314.64,574.12,651.29,888.38,112.54,8.26,1.769,1.713208,0.547742,16.505239,16.997165,0.151035
2025-12-28,FAC-DE-01,Digital Motor Works,Bavaria-DE,Assembly,2238.39,291.27,1086.26,431.47,969.95,122.13,7.12,2.114,1.677337,0.40148,16.882146,16.847036,0.137946
2025-12-29,FAC-DE-01,Digital Motor Works,Bavaria-DE,Assembly,4190.23,430.47,1540.78,985.19,1202.47,187.97,10.02,5.268,2.350911,0.904296,25.236724,23.224353,0.123554
2025-12-30,FAC-DE-01,Digital Motor Works,Bavaria-DE,Assembly,3554.0,420.36,1341.79,919.89,1259.31,177.84,7.74,5.143,2.359175,0.756153,23.192131,21.164528,0.119011
2025-12-31,FAC-DE-01,Digital Motor Works,Bavaria-DE,Assembly,3474.23,416.1,1087.46,972.36,1512.89,217.0,11.7,3.48,2.570739,0.808688,28.929793,28.829439,0.132852
2026-01-01,FAC-DE-01,Digital Motor Works,Bavaria-DE,Assembly,3497.39,443.16,1495.42,936.24,1628.77,221.9,11.14,3.11,2.733714,0.689858,29.178321,29.492385,0.13291
2026-01-02,FAC-DE-01,Digital Motor Works,Bavaria-DE,Assembly,3358.33,490.36,974.66,857.38,1536.03,198.35,13.29,3.6,2.767332,0.805433,27.603899,27.576941,0.139034
2026-01-03,FAC-DE-01,Digital Motor Works,Bavaria-DE,Assembly,2107.58,212.89,770.18,511.63,756.82,105.6,4.74,2.88,1.303483,0.456325,14.224096,13.103499,0.124084
2026-01-04,FAC-DE-01,Digital Motor Works,Bavaria-DE,Assembly,2634.68,242.52,951.49,500.62,873.95,117.04,5.0,3.956,1.47919,0.573953,15.509878,13.606851,0.116258
2026-01-05,FAC-DE-01,Digital Motor Works,Bavaria-DE,Assembly,3748.5,426.63,1830.45,963.52,1442.11,215.86,10.44,4.894,2.537807,0.668817,28.278074,26.590904,0.123187
2026-01-06,FAC-DE-01,Digital Motor Works,Bavaria-DE,Assembly,3580.06,476.68,1014.67,804.85,1374.2,207.52,9.66,3.794,2.584737,0.866155,26.993489,26.65017,0.12842
2026-01-07,FAC-DE-01,Digital Motor Works,Bavaria-DE,Assembly,3676.96,425.1,1452.46,954.9,1056.76,144.51,6.51,3.243,2.208368,0.762399,19.259979,18.987331,0.131392
2026-01-08,FAC-DE-01,Digital Motor Works,Bavaria-DE,Assembly,3237.32,423.0,1155.18,867.87,1334.89,187.15,9.58,4.563,2.419854,0.709562,24.897246,23.463224,0.125369
2026-01-09,FAC-DE-01,Digital Motor Works,Bavaria-DE,Assembly,3536.35,483.88,1021.58,909.11,1340.3,174.28,7.83,3.621,2.595389,0.849598,22.857796,22.681753,0.130146
2026-01-10,FAC-DE-01,Digital Motor Works,Bavaria-DE,Assembly,2225.04,202.71,865.22,608.43,765.8,104.45,6.9,5.334,1.302143,0.465601,15.075674,11.509014,0.110185
2026-01-11,FAC-DE-01,Digital Motor Works,Bavaria-DE,Assembly,2244.04,367.27,877.53,378.37,744.02,102.54,3.16,1.475,1.681142,0.468049,13.164726,13.839299,0.134971
2026-01-12,FAC-DE-01,Digital Motor Works,Bavaria-DE,Assembly,3312.45,412.32,1583.35,841.11,953.08,146.31,8.31,2.952,2.06543,0.601608,20.129871,19.84451,0.135631
2026-01-13,FAC-DE-01,Digital Motor Works,Bavaria-DE,Assembly,3416.37,456.92,1139.25,863.8,1661.98,216.44,11.19,2.683,2.78474,0.77355,28.592669,29.468301,0.13615
2026-01-14,FAC-DE-01,Digital Motor Works,Bavaria-DE,Assembly,4444.17,468.67,2021.22,850.83,1431.33,192.67,9.07,3.907,2.620016,0.83911,25.241612,24.793313,0.128683
2026-01-15,FAC-DE-01,Digital Motor Works,Bavaria-DE,Assembly,4961.6,435.61,1940.11,767.45,1572.53,214.06,10.08,4.258,2.634189,1.0349,27.819703,27.231228,0.127215
2026-01-16,FAC-DE-01,Digital Motor Works,Bavaria-DE,Assembly,4858.33,416.42,1430.42,956.85,1165.37,181.04,9.11,3.83,2.276718,1.158846,24.122335,23.728248,0.131067
2026-01-17,FAC-DE-01,Digital Motor Works,Bavaria-DE,Assembly,3187.34,191.15,1666.73,403.77,854.8,115.49,4.06,3.558,1.307015,0.534499,14.893423,13.177138,0.114095
2026-01-18,FAC-DE-01,Digital Motor Works,Bavaria-DE,Assembly,3039.14,284.15,1176.64,464.27,1013.58,133.03,6.08,3.936,1.701147,0.637551,17.590846,15.993256,0.120223
2026-01-19,FAC-DE-01,Digital Motor Works,Bavaria-DE,Assembly,4672.47,444.09,1838.77,770.34,1431.47,193.55,11.84,4.135,2.538959,0.970963,26.443127,25.81814,0.133395
2026-01-20,FAC-DE-01,Digital Motor Works,Bavaria-DE,Assembly,4860.94,465.05,2348.57,880.68,1529.13,205.9,10.58,3.374,2.698134,0.875082,27.260158,27.459702,0.133362
2026-01-21,FAC-DE-01,Digital Motor Works,Bavaria-DE,Assembly,4219.36,470.0,1731.32,972.82,1301.17,183.12,10.63,3.895,2.537424,0.854834,24.983505,24.480572,0.133688
2026-01-22,FAC-DE-01,Digital Motor Works,Bavaria-DE,Assembly,4346.54,389.92,1456.4,918.61,1084.81,156.22,8.75,3.84,2.13077,0.982004,21.388172,20.66113,0.132258
2026-01-23,FAC-DE-01,Digital Motor Works,Bavaria-DE,Assembly,4012.74,439.06,1455.96,813.62,1192.01,188.97,10.57,4.732,2.332551,0.872056,25.465082,23.937766,0.126677
2026-01-24,FAC-DE-01,Digital Motor Works,Bavaria-DE,Assembly,2217.98,174.34,1116.76,550.15,748.51,105.39,4.57,4.753,1.200521,0.385295,14.15637,10.989371,0.104271
2026-01-25,FAC-DE-01,Digital Motor Works,Bavaria-DE,Assembly,2279.83,262.41,937.07,488.09,810.95,125.75,8.34,4.387,1.47719,0.461397,17.801338,15.352842,0.12209
2026-01-26,FAC-DE-01,Digital Motor Works,Bavaria-DE,Assembly,3525.46,540.51,2066.34,878.5,1306.61,197.05,8.82,4.37,2.713031,0.522132,25.606334,24.471447,0.124186
2026-01-27,FAC-DE-01,Digital Motor Works,Bavaria-DE,Assembly,3789.66,383.59,1926.63,1042.09,1364.93,176.29,7.25,2.846,2.372568,0.652576,22.90244,23.081498,0.130931
2026-01-28,FAC-DE-01,Digital Motor Works,Bavaria-DE,Assembly,3560.09,335.25,1430.47,841.0,1551.37,197.65,8.5,3.552,2.361401,0.730672,25.510725,25.050987,0.126741
2026-01-29,FAC-DE-01,Digital Motor Works,Bavaria-DE,Assembly,3970.35,538.73,1613.72,880.19,1264.03,183.99,10.14,3.442,2.672831,0.809167,24.812674,24.853033,0.135078
2026-01-30,FAC-DE-01,Digital Motor Works,Bavaria-DE,Assembly,3899.15,458.88,1606.45,895.37,1301.42,191.16,10.33,5.234,2.493122,0.787941,25.639859,23.687171,0.123912
2026-01-31,FAC-DE-01,Digital Motor Works,Bavaria-DE,Assembly,2795.37,245.37,1140.63,752.63,806.87,113.53,7.7,4.304,1.478364,0.568317,16.436699,14.179804,0.124904
2026-02-01,FAC-DE-01,Digital Motor Works,Bavaria-DE,Assembly,2413.17,219.49,933.6,374.72,711.53,100.45,5.94,3.876,1.25711,0.506448,14.114146,12.001934,0.119485
2026-02-02,FAC-DE-01,Digital Motor Works,Bavaria-DE,Assembly,3663.02,426.42,1286.98,768.6,1370.13,197.25,10.01,2.994,2.439747,0.809102,26.058692,26.313856,0.133403
2026-02-03,FAC-DE-01,Digital Motor Works,Bavaria-DE,Assembly,3681.32,474.22,1587.67,877.61,1366.97,188.54,7.29,3.533,2.585904,0.721919,24.083634,23.858646,0.126541
2026-02-04,FAC-DE-01,Digital Motor Works,Bavaria-DE,Assembly,4026.7,458.56,1228.53,970.16,1305.66,187.67,9.43,4.046,2.510031,0.947159,24.947533,24.358232,0.129794
2026-02-05,FAC-DE-01,Digital Motor Works,Bavaria-DE,Assembly,4043.65,458.26,1779.15,791.16,1246.62,179.09,10.88,3.752,2.425627,0.78206,24.560117,24.015591,0.134099
2026-02-06,FAC-DE-01,Digital Motor Works,Bavaria-DE,Assembly,3772.59,412.94,1880.17,943.52,1105.8,167.14,7.03,4.122,2.21482,0.661346,21.80717,20.560944,0.123016
2026-02-07,FAC-DE-01,Digital Motor Works,Bavaria-DE,Assembly,3093.33,261.31,1613.38,574.05,714.86,107.85,7.26,4.352,1.409853,0.520031,15.553603,13.131041,0.121751
2026-02-08,FAC-DE-01,Digital Motor Works,Bavaria-DE,Assembly,3073.66,265.14,1152.11,579.34,828.96,117.93,6.18,2.566,1.516966,0.656538,16.145478,15.752554,0.13357
2026-02-09,FAC-DE-01,Digital Motor Works,Bavaria-DE,Assembly,4729.31,444.44,1665.12,694.49,1367.08,185.95,10.66,3.825,2.471397,1.043538,25.118826,24.808473,0.133417
2026-02-10,FAC-DE-01,Digital Motor Works,Bavaria-DE,Assembly,4678.92,342.33,2001.11,877.82,1282.69,174.83,8.47,3.613,2.161693,0.922764,23.163471,22.635418,0.129468
2026-02-11,FAC-DE-01,Digital Motor Works,Bavaria-DE,Assembly,5000.24,452.23,2641.55,799.5,1407.2,206.03,10.75,5.52,2.545928,0.830201,27.292237,25.148524,0.122062
2026-02-12,FAC-DE-01,Digital Motor Works,Bavaria-DE,Assembly,4673.61,357.07,1738.92,891.26,1317.37,205.04,8.72,2.318,2.232867,1.002293,26.393061,27.310247,0.133196
2026-02-13,FAC-DE-01,Digital Motor Works,Bavaria-DE,Assembly,5072.61,372.67,1712.77,877.62,1343.39,195.14,10.54,4.48,2.293944,1.141986,26.131435,25.087025,0.128556
2026-02-14,FAC-DE-01,Digital Motor Works,Bavaria-DE,Assembly,2755.06,302.38,1194.28,481.71,851.97,133.31,8.33,3.34,1.617561,0.538389,18.576595,17.392888,0.130466
2026-02-15,FAC-DE-01,Digital Motor Works,Bavaria-DE,Assembly,3076.33,291.73,1620.04,504.19,905.82,123.33,9.29,4.959,1.638522,0.512362,17.960999,15.152402,0.122859
2026-02-16,FAC-DE-01,Digital Motor Works,Bavaria-DE,Assembly,3702.75,397.46,2295.7,828.12,1444.48,214.87,13.22,4.467,2.435903,0.509498,29.260524,27.738953,0.129098
2026-02-17,FAC-DE-01,Digital Motor Works,Bavaria-DE,Assembly,4043.76,437.07,1978.81,751.76,1121.02,167.03,7.9,4.017,2.255835,0.720201,22.040012,20.99912,0.125718
2026-02-18,FAC-DE-01,Digital Motor Works,Bavaria-DE,Assembly,4163.31,373.49,1541.42,795.03,1325.03,173.33,8.03,5.689,2.265033,0.89522,22.771067,20.242179,0.116785
2026-02-19,FAC-DE-01,Digital Motor Works,Bavaria-DE,Assembly,3714.56,462.35,1411.83,755.59,1487.38,183.49,7.96,4.307,2.632065,0.787396,23.766609,22.878816,0.124689
2026-02-20,FAC-DE-01,Digital Motor Works,Bavaria-DE,Assembly,3974.84,439.11,1461.52,894.18,1460.01,196.46,10.08,2.663,2.573125,0.857833,26.084462,26.852396,0.136683
2026-02-21,FAC-DE-01,Digital Motor Works,Bavaria-DE,Assembly,2323.31,248.48,634.71,405.26,775.95,106.27,8.13,4.926,1.394721,0.569469,15.654703,12.693192,0.119443
2026-02-22,FAC-DE-01,Digital Motor Works,Bavaria-DE,Assembly,2376.92,327.63,1196.52,496.49,683.11,97.96,8.08,3.587,1.546186,0.412987,14.830316,13.202663,0.134777
2026-02-23,FAC-DE-01,Digital Motor Works,Bavaria-DE,Assembly,4773.86,405.43,2363.32,839.22,1132.9,173.95,8.47,5.66,2.197635,0.841791,23.049431,20.428363,0.117437
2026-02-24,FAC-DE-01,Digital Motor Works,Bavaria-DE,Assembly,4730.47,437.39,1770.94,956.14,1398.17,206.07,12.53,2.813,2.528331,1.011119,28.14037,28.866601,0.14008
2026-02-25,FAC-DE-01,Digital Motor Works,Bavaria-DE,Assembly,5178.36,504.88,1494.89,694.95,1382.17,197.53,9.82,4.457,2.646139,1.24441,25.960431,25.394439,0.128557
2026-02-26,FAC-DE-01,Digital Motor Works,Bavaria-DE,Assembly,3579.84,453.06,1447.2,781.19,1068.63,154.02,6.18,3.456,2.26028,0.731999,19.996427,19.532486,0.126817
2026-02-27,FAC-DE-01,Digital Motor Works,Bavaria-DE,Assembly,4104.66,515.88,2036.93,802.5,1379.09,200.03,10.25,3.787,2.693473,0.722269,26.467058,26.095779,0.130462
2026-02-28,FAC-DE-01,Digital Motor Works,Bavaria-DE,Assembly,2137.26,238.68,1025.06,448.05,837.99,132.53,8.38,3.489,1.428713,0.387101,18.492525,16.819481,0.12691
2026-03-01,FAC-DE-01,Digital Motor Works,Bavaria-DE,Assembly,2581.05,231.1,809.65,602.39,1013.25,151.39,6.18,3.368,1.58494,0.600237,19.613952,18.43104,0.121747
2026-03-02,FAC-DE-01,Digital Motor Works,Bavaria-DE,Assembly,3820.22,429.87,1619.42,628.48,1449.64,199.57,9.03,4.893,2.489158,0.757889,25.797173,24.151675,0.121018
2026-03-03,FAC-DE-01,Digital Motor Works,Bavaria-DE,Assembly,4706.4,380.07,2564.97,804.32,1256.85,172.02,8.3,2.919,2.227167,0.757031,22.756846,22.822447,0.132674
2026-03-04,FAC-DE-01,Digital Motor Works,Bavaria-DE,Assembly,5045.33,477.89,2788.21,1134.79,1171.69,186.07,9.45,3.483,2.480573,0.799606,24.89365,24.691162,0.132697
2026-03-05,FAC-DE-01,Digital Motor Works,Bavaria-DE,Assembly,5295.47,416.42,2701.39,794.51,1196.84,195.43,12.35,4.706,2.27231,0.909015,26.866034,25.340966,0.12967
2026-03-06,FAC-DE-01,Digital Motor Works,Bavaria-DE,Assembly,5328.32,495.29,2715.95,715.46,1111.42,165.48,8.7,4.59,2.396904,0.915337,22.195681,20.917702,0.126407
2026-03-07,FAC-DE-01,Digital Motor Works,Bavaria-DE,Assembly,2926.2,379.11,1344.91,596.45,911.87,122.74,6.22,4.349,1.89531,0.548139,16.6706,14.765333,0.120299
2026-03-08,FAC-DE-01,Digital Motor Works,Bavaria-DE,Assembly,3197.35,240.49,1749.23,587.29,1047.81,140.75,6.12,4.782,1.636248,0.512227,18.477937,15.844831,0.112575
2026-03-09,FAC-DE-01,Digital Motor Works,Bavaria-DE,Assembly,4927.9,538.34,2211.43,889.4,1271.96,170.53,7.66,4.158,2.680182,0.939675,22.387932,21.850123,0.128129
2026-03-10,FAC-DE-01,Digital Motor Works,Bavaria-DE,Assembly,4989.28,449.67,2571.18,992.2,1191.63,171.54,8.46,5.267,2.394611,0.8484,22.891495,20.867598,0.121646
2026-03-11,FAC-DE-01,Digital Motor Works,Bavaria-DE,Assembly,4766.58,470.04,2632.0,666.71,1348.58,191.08,9.17,5.667,2.519188,0.756099,25.002803,22.611315,0.118334
2026-03-12,FAC-DE-01,Digital Motor Works,Bavaria-DE,Assembly,3969.48,403.97,1487.68,798.53,1263.47,197.68,8.62,2.509,2.295668,0.847955,25.537926,26.172714,0.132399
2026-03-13,FAC-DE-01,Digital Motor Works,Bavaria-DE,Assembly,3738.18,420.63,1515.48,751.2,1365.84,188.32,9.52,3.46,2.417329,0.763054,24.920046,24.640325,0.130845
2026-03-14,FAC-DE-01,Digital Motor Works,Bavaria-DE,Assembly,2934.18,301.26,1366.51,301.44,843.7,125.11,3.33,3.403,1.573362,0.544076,15.518476,14.233263,0.113762
2026-03-15,FAC-DE-01,Digital Motor Works,Bavaria-DE,Assembly,2392.09,233.84,1165.93,586.0,871.02,137.42,6.63,3.996,1.469699,0.427473,18.350349,16.251634,0.118265
2026-03-16,FAC-DE-01,Digital Motor Works,Bavaria-DE,Assembly,4091.78,432.75,2456.86,820.99,1231.05,212.4,13.29,3.903,2.349844,0.587844,29.032496,28.067455,0.132143
2026-03-17,FAC-DE-01,Digital Motor Works,Bavaria-DE,Assembly,4442.26,456.28,2413.88,732.44,1239.67,171.55,7.87,3.243,2.403304,0.716755,22.482665,22.359321,0.130335
2026-03-18,FAC-DE-01,Digital Motor Works,Bavaria-DE,Assembly,3616.15,472.07,1768.89,1046.17,1447.34,201.47,7.38,3.242,2.679685,0.644252,25.559297,25.640857,0.12727
2026-03-19,FAC-DE-01,Digital Motor Works,Bavaria-DE,Assembly,6534.59,490.34,2198.35,831.88,1313.97,175.8,11.12,5.579,2.575907,1.473619,24.347214,22.817704,0.12979
2026-03-20,FAC-DE-01,Digital Motor Works,Bavaria-DE,Assembly,4396.33,505.31,2545.75,926.71,1208.97,163.15,7.2,3.077,2.545849,0.660726,21.457179,21.586588,0.132311
2026-03-21,FAC-DE-01,Digital Motor Works,Bavaria-DE,Assembly,2480.46,253.83,1088.85,498.82,879.94,123.2,4.84,3.683,1.514175,0.480512,16.077936,14.389899,0.116801
2026-03-22,FAC-DE-01,Digital Motor Works,Bavaria-DE,Assembly,2546.43,315.27,969.63,702.72,762.69,112.71,7.47,4.29,1.619088,0.539229,16.223671,14.092327,0.125036
2026-03-23,FAC-DE-01,Digital Motor Works,Bavaria-DE,Assembly,3956.22,486.58,1536.61,878.54,978.38,134.93,7.76,3.095,2.292799,0.828414,18.749691,18.775547,0.139152
2026-03-24,FAC-DE-01,Digital Motor Works,Bavaria-DE,Assembly,3847.05,446.04,1633.46,876.99,1203.05,179.28,10.4,4.589,2.372581,0.762384,24.433835,22.980264,0.128178
2026-03-25,FAC-DE-01,Digital Motor Works,Bavaria-DE,Assembly,4312.71,481.66,1949.22,916.46,1555.19,230.59,13.55,5.361,2.771334,0.818074,31.07611,29.304293,0.127082
2026-03-26,FAC-DE-01,Digital Motor Works,Bavaria-DE,Assembly,4151.71,470.14,1917.8,861.35,1802.65,246.39,12.38,3.818,2.937846,0.774715,32.180399,32.074665,0.13018
2026-03-27,FAC-DE-01,Digital Motor Works,Bavaria-DE,Assembly,5219.95,491.09,2297.63,875.11,1770.2,246.93,12.49,3.155,2.969367,1.009273,32.290359,33.113748,0.134102
2026-03-28,FAC-DE-01,Digital Motor Works,Bavaria-DE,Assembly,2939.69,226.7,1323.99,616.68,980.17,132.91,7.16,3.646,1.54808,0.559075,18.126436,16.5878,0.124806
2026-03-29,FAC-DE-01,Digital Motor Works,Bavaria-DE,Assembly,2741.49,273.18,944.57,565.25,967.6,138.19,5.63,3.675,1.652291,0.611326,17.99706,16.586111,0.120023
2026-03-30,FAC-DE-01,Digital Motor Works,Bavaria-DE,Assembly,4926.59,441.95,2253.08,969.26,1427.72,194.59,10.94,4.37,2.567876,0.926335,26.296923,25.420782,0.130638
2026-03-31,FAC-DE-01,Digital Motor Works,Bavaria-DE,Assembly,4958.91,580.96,1546.73,764.43,1232.48,177.51,8.54,3.594,2.737483,1.155962,23.397917,23.697531,0.133501
2026-04-01,FAC-DE-01,Digital Motor Works,Bavaria-DE,Assembly,4735.23,388.82,1649.45,850.17,1158.69,172.17,7.81,4.034,2.176868,1.050352,22.594361,21.787371,0.126542
2026-04-02,FAC-DE-01,Digital Motor Works,Bavaria-DE,Assembly,5407.28,461.53,2140.42,742.3,1203.75,164.15,7.79,4.393,2.389094,1.119792,21.693575,20.809377,0.12677
2026-04-03,FAC-DE-01,Digital Motor Works,Bavaria-DE,Assembly,5141.66,434.06,2275.85,982.73,1313.47,176.11,9.65,3.178,2.453323,0.990205,23.855267,24.120398,0.136958
2026-04-04,FAC-DE-01,Digital Motor Works,Bavaria-DE,Assembly,3053.98,300.03,1234.09,453.49,648.68,85.72,4.37,2.078,1.435128,0.624635,11.983297,11.964845,0.139579
2026-04-05,FAC-DE-01,Digital Motor Works,Bavaria-DE,Assembly,1949.83,255.16,705.78,479.24,687.21,99.72,4.53,2.993,1.352131,0.424262,13.509749,12.292818,0.123272
2026-04-06,FAC-DE-01,Digital Motor Works,Bavaria-DE,Assembly,4436.38,507.83,1460.16,715.66,1399.13,209.73,12.82,1.991,2.67222,1.010468,28.491197,30.182891,0.143912
2026-04-07,FAC-DE-01,Digital Motor Works,Bavaria-DE,Assembly,3842.98,443.29,1565.21,1014.33,1355.04,203.07,10.25,4.328,2.518976,0.782199,26.908637,25.881787,0.127454
2026-04-08,FAC-DE-01,Digital Motor Works,Bavaria-DE,Assembly,3945.35,455.61,1626.93,941.14,1310.9,198.22,9.47,4.11,2.501006,0.79683,26.036253,25.223611,0.127248
2026-04-09,FAC-DE-01,Digital Motor Works,Bavaria-DE,Assembly,4096.83,420.09,1696.05,789.61,1503.58,207.79,9.05,4.813,2.538871,0.825358,26.75478,25.305778,0.121783
2026-04-10,FAC-DE-01,Digital Motor Works,Bavaria-DE,Assembly,3833.38,458.93,1672.13,930.17,1656.8,219.18,10.65,3.305,2.798374,0.745889,28.689006,28.92852,0.131985
2026-04-11,FAC-DE-01,Digital Motor Works,Bavaria-DE,Assembly,2330.11,292.67,820.24,535.55,835.42,122.56,5.21,3.794,1.587868,0.514199,16.187614,14.49537,0.118273
2026-04-12,FAC-DE-01,Digital Motor Works,Bavaria-DE,Assembly,2314.75,267.97,920.64,437.88,901.55,121.67,7.38,3.591,1.558645,0.478007,16.94774,15.39384,0.126522
2026-04-13,FAC-DE-01,Digital Motor Works,Bavaria-DE,Assembly,4260.57,491.51,1727.57,1010.62,1450.95,205.11,11.06,4.593,2.728057,0.869588,27.460805,26.465629,0.129029
2026-04-14,FAC-DE-01,Digital Motor Works,Bavaria-DE,Assembly,3860.95,380.81,1847.42,1022.57,1386.58,186.64,9.77,3.985,2.379579,0.700641,25.017556,24.112906,0.129197
2026-04-15,FAC-DE-01,Digital Motor Works,Bavaria-DE,Assembly,3902.18,424.48,1214.4,838.02,1410.52,214.21,11.13,3.789,2.481679,0.910477,28.318821,27.921987,0.130348
2026-04-16,FAC-DE-01,Digital Motor Works,Bavaria-DE,Assembly,4511.36,393.95,1311.18,895.43,1111.02,159.99,8.73,3.225,2.159167,1.081383,21.754176,21.76934,0.136066
2026-04-17,FAC-DE-01,Digital Motor Works,Bavaria-DE,Assembly,3968.88,475.03,1370.3,818.38,1118.66,151.57,8.54,4.578,2.368236,0.884142,20.757973,19.432678,0.128205
2026-04-18,FAC-DE-01,Digital Motor Works,Bavaria-DE,Assembly,2743.14,256.62,1260.33,510.61,756.38,121.72,6.61,3.16,1.420112,0.513987,16.673465,15.447204,0.126906
2026-04-19,FAC-DE-01,Digital Motor Works,Bavaria-DE,Assembly,2679.52,234.25,770.53,502.74,785.98,115.5,6.12,2.571,1.383518,0.644839,15.820736,15.27814,0.132273
2026-04-20,FAC-DE-01,Digital Motor Works,Bavaria-DE,Assembly,4737.57,483.65,1047.77,744.1,1245.42,183.54,7.36,2.484,2.483711,1.237643,23.514866,24.752508,0.134864
2026-04-21,FAC-DE-01,Digital Motor Works,Bavaria-DE,Assembly,5039.95,471.63,2368.69,838.08,1369.04,185.54,11.01,4.49,2.57319,0.927881,25.312957,24.323796,0.131096
2026-04-22,FAC-DE-01,Digital Motor Works,Bavaria-DE,Assembly,5378.2,481.12,2853.84,1020.94,1456.94,195.44,11.14,3.491,2.707222,0.88904,26.50237,26.607445,0.13614
2026-04-23,FAC-DE-01,Digital Motor Works,Bavaria-DE,Assembly,5116.99,424.72,1296.3,939.64,1285.39,190.76,10.46,2.633,2.396502,1.285729,25.682849,26.731718,0.140134
2026-04-24,FAC-DE-01,Digital Motor Works,Bavaria-DE,Assembly,5369.4,464.46,2154.63,1015.0,1572.88,206.38,9.28,5.126,2.758831,1.102894,26.847073,25.582479,0.123956
2026-04-25,FAC-DE-01,Digital Motor Works,Bavaria-DE,Assembly,3169.23,328.16,1215.38,432.54,886.23,122.39,6.97,4.33,1.706076,0.668445,16.845191,14.889858,0.121657
2026-04-26,FAC-DE-01,Digital Motor Works,Bavaria-DE,Assembly,3410.85,331.49,1101.7,565.88,813.19,126.91,7.03,3.777,1.67898,0.78337,17.422589,16.108214,0.126926
2026-04-27,FAC-DE-01,Digital Motor Works,Bavaria-DE,Assembly,4930.52,386.5,1766.73,1013.74,1282.17,196.35,9.07,4.826,2.305464,1.078399,25.723557,24.281124,0.12366
2026-04-28,FAC-DE-01,Digital Motor Works,Bavaria-DE,Assembly,5274.14,437.35,2618.44,767.39,1507.63,203.25,11.47,4.004,2.584323,0.927696,27.287308,26.795587,0.131834
2026-04-29,FAC-DE-01,Digital Motor Works,Bavaria-DE,Assembly,4373.5,389.59,1831.44,931.77,1021.67,159.91,7.47,3.039,2.079355,0.874633,21.236813,21.152112,0.132278
2026-04-30,FAC-DE-01,Digital Motor Works,Bavaria-DE,Assembly,3871.02,483.99,1243.21,888.09,1194.42,163.16,9.84,3.394,2.469147,0.891266,22.541063,22.507395,0.137947
2026-05-01,FAC-DE-01,Digital Motor Works,Bavaria-DE,Assembly,4194.91,491.86,2115.37,985.92,1286.44,171.61,10.22,2.628,2.586113,0.727719,23.634304,24.320231,0.141716
2026-05-02,FAC-DE-01,Digital Motor Works,Bavaria-DE,Assembly,2568.51,256.14,949.19,495.9,876.84,121.36,7.36,2.372,1.517229,0.552847,16.942166,16.640737,0.137114
2026-05-03,FAC-DE-01,Digital Motor Works,Bavaria-DE,Assembly,2379.39,297.54,681.94,504.59,756.37,112.2,4.64,3.683,1.528618,0.573321,14.860018,13.27854,0.118344
2026-05-04,FAC-DE-01,Digital Motor Works,Bavaria-DE,Assembly,3787.03,443.19,1108.91,898.04,1198.2,182.51,9.98,2.977,2.36486,0.905201,24.60241,24.895391,0.136408
2026-05-05,FAC-DE-01,Digital Motor Works,Bavaria-DE,Assembly,3817.28,460.13,1123.4,780.36,1791.91,241.82,14.84,3.332,2.88662,0.910685,32.691689,33.156768,0.137113
2026-05-06,FAC-DE-01,Digital Motor Works,Bavaria-DE,Assembly,3912.81,515.83,1388.6,942.06,1365.04,205.87,12.65,4.682,2.708043,0.859978,28.162008,27.047559,0.131385
2026-05-07,FAC-DE-01,Digital Motor Works,Bavaria-DE,Assembly,3872.65,415.6,1384.5,903.66,1513.89,219.56,8.05,4.492,2.557186,0.848005,27.620897,26.534014,0.120852
2026-05-08,FAC-DE-01,Digital Motor Works,Bavaria-DE,Assembly,4283.33,459.88,1450.75,961.96,1577.4,218.71,11.54,6.35,2.740267,0.962911,29.035535,26.388486,0.120653
2026-05-09,FAC-DE-01,Digital Motor Works,Bavaria-DE,Assembly,2531.75,243.64,1229.5,440.49,833.83,130.42,7.39,4.187,1.437071,0.453827,17.85655,15.560414,0.119306
2026-05-10,FAC-DE-01,Digital Motor Works,Bavaria-DE,Assembly,2162.16,333.75,918.23,525.42,1015.84,144.04,8.28,3.851,1.847573,0.428432,19.689599,18.115058,0.12576
2026-05-11,FAC-DE-01,Digital Motor Works,Bavaria-DE,Assembly,3743.85,396.84,1226.19,918.39,1559.38,214.31,10.78,3.923,2.547899,0.854602,28.232479,27.712391,0.129309
2026-05-12,FAC-DE-01,Digital Motor Works,Bavaria-DE,Assembly,4203.46,457.21,1266.81,961.96,1103.06,164.7,10.06,3.801,2.334657,0.99359,22.840999,22.367913,0.135807
2026-05-13,FAC-DE-01,Digital Motor Works,Bavaria-DE,Assembly,4123.91,478.14,974.22,867.11,1374.68,183.19,9.03,3.29,2.600888,1.058056,24.254478,24.623913,0.134414
2026-05-14,FAC-DE-01,Digital Motor Works,Bavaria-DE,Assembly,4964.77,442.67,1188.12,975.67,1268.28,181.29,8.01,4.242,2.437095,1.269064,23.700612,23.164733,0.127774
2026-05-15,FAC-DE-01,Digital Motor Works,Bavaria-DE,Assembly,4460.93,459.54,1472.59,881.41,907.87,136.81,6.76,2.669,2.161654,1.014711,18.52358,19.031113,0.139103
2026-05-16,FAC-DE-01,Digital Motor Works,Bavaria-DE,Assembly,2687.77,291.64,848.53,376.08,744.6,109.46,6.68,4.767,1.478517,0.623383,15.354355,12.68929,0.115926
2025-11-18,FAC-US-02,Grid Automation Plant,Midwest-US,Electronics,4624.48,689.69,1103.79,709.49,1275.95,152.64,10.02,3.486,3.054964,1.570255,21.422736,22.562443,0.14781
2025-11-19,FAC-US-02,Grid Automation Plant,Midwest-US,Electronics,3460.46,467.75,138.42,715.58,1833.41,224.45,13.44,2.417,2.929604,1.463774,30.269938,32.24599,0.143668
2025-11-20,FAC-US-02,Grid Automation Plant,Midwest-US,Electronics,3651.1,450.63,1079.95,843.04,1471.09,171.77,12.04,2.486,2.603575,1.152173,24.327361,25.596812,0.149017
2025-11-21,FAC-US-02,Grid Automation Plant,Midwest-US,Electronics,2678.56,472.15,919.5,577.41,1732.98,209.39,10.02,3.09,2.830774,0.791837,27.195184,27.727821,0.132422
2025-11-22,FAC-US-02,Grid Automation Plant,Midwest-US,Electronics,1659.59,247.9,223.74,408.75,978.43,120.07,8.98,3.541,1.563901,0.63592,17.437038,16.095801,0.134052
2025-11-23,FAC-US-02,Grid Automation Plant,Midwest-US,Electronics,2066.47,328.93,304.22,468.99,921.23,110.11,7.48,2.464,1.744472,0.78106,15.813633,15.8755,0.144183
2025-11-24,FAC-US-02,Grid Automation Plant,Midwest-US,Electronics,2845.56,467.12,1287.64,896.09,1696.79,198.42,10.22,4.506,2.847444,0.710668,26.343695,25.396226,0.127993
2025-11-25,FAC-US-02,Grid Automation Plant,Midwest-US,Electronics,2320.11,528.91,767.35,786.55,1268.7,155.8,11.53,3.77,2.632646,0.698097,22.429665,21.99062,0.141143
2025-11-26,FAC-US-02,Grid Automation Plant,Midwest-US,Electronics,3039.45,455.66,504.31,687.27,1119.49,153.98,7.56,4.069,2.29212,1.124938,20.51061,19.859109,0.128972
2025-11-27,FAC-US-02,Grid Automation Plant,Midwest-US,Electronics,3458.08,519.76,606.64,781.98,1176.54,138.72,8.14,2.197,2.529834,1.266076,19.241776,20.841177,0.150237
2025-11-28,FAC-US-02,Grid Automation Plant,Midwest-US,Electronics,3801.39,515.66,1013.57,497.23,1199.23,136.9,7.49,5.041,2.4838,1.246149,18.603064,17.291839,0.12631
2025-11-29,FAC-US-02,Grid Automation Plant,Midwest-US,Electronics,2245.55,258.69,734.25,563.3,689.83,86.55,6.98,3.821,1.379785,0.679209,13.232678,11.470605,0.132526
2025-11-30,FAC-US-02,Grid Automation Plant,Midwest-US,Electronics,2071.52,311.6,539.07,301.76,858.75,107.18,7.72,2.091,1.613767,0.684645,15.510784,15.718564,0.146654
2025-12-01,FAC-US-02,Grid Automation Plant,Midwest-US,Electronics,3481.38,429.17,1064.82,825.46,1598.94,188.81,12.88,4.407,2.650112,1.083889,26.425309,25.751814,0.136392
2025-12-02,FAC-US-02,Grid Automation Plant,Midwest-US,Electronics,3693.11,540.38,682.61,664.5,1592.07,197.45,12.84,3.52,2.911818,1.337535,27.200308,27.929828,0.141449
2025-12-03,FAC-US-02,Grid Automation Plant,Midwest-US,Electronics,3652.9,468.43,550.29,797.53,1723.2,212.67,14.69,2.912,2.854403,1.37542,29.63243,30.950488,0.145531
2025-12-04,FAC-US-02,Grid Automation Plant,Midwest-US,Electronics,3776.89,557.31,743.9,806.18,1262.24,165.45,11.4,5.086,2.707037,1.34864,23.383531,22.353286,0.135102
2025-12-05,FAC-US-02,Grid Automation Plant,Midwest-US,Electronics,3892.69,488.72,1286.22,812.77,1350.97,159.28,8.55,4.545,2.599,1.171794,21.553119,20.778631,0.130454
2025-12-06,FAC-US-02,Grid Automation Plant,Midwest-US,Electronics,2298.87,244.73,958.24,484.27,861.7,96.83,5.1,3.15,1.471705,0.608585,13.45515,12.385535,0.127914
2025-12-07,FAC-US-02,Grid Automation Plant,Midwest-US,Electronics,2114.6,297.66,526.35,533.38,909.5,111.36,5.44,2.027,1.663053,0.708934,15.129924,15.47527,0.138962
2025-12-08,FAC-US-02,Grid Automation Plant,Midwest-US,Electronics,2684.65,448.1,437.04,808.89,1297.96,156.67,8.21,2.248,2.444889,0.997154,21.137195,22.330988,0.142536
2025-12-09,FAC-US-02,Grid Automation Plant,Midwest-US,Electronics,2643.86,512.96,540.58,655.45,1298.19,157.01,8.52,5.048,2.589745,0.935725,21.208554,19.68586,0.125379
2025-12-10,FAC-US-02,Grid Automation Plant,Midwest-US,Electronics,3032.56,446.11,847.7,810.24,1111.62,133.44,6.48,3.575,2.283281,0.977687,18.015267,17.701438,0.132654
2025-12-11,FAC-US-02,Grid Automation Plant,Midwest-US,Electronics,3309.71,546.98,861.59,764.15,1219.84,165.49,10.63,3.174,2.635771,1.093744,23.034701,23.589924,0.142547
2025-12-12,FAC-US-02,Grid Automation Plant,Midwest-US,Electronics,3228.75,526.57,885.54,774.42,1191.24,138.55,9.23,3.628,2.558998,1.048076,19.676442,19.655439,0.141867
2025-12-13,FAC-US-02,Grid Automation Plant,Midwest-US,Electronics,2089.51,388.21,661.56,527.84,663.54,77.17,3.54,2.831,1.698053,0.641112,10.799008,10.306871,0.13356
2025-12-14,FAC-US-02,Grid Automation Plant,Midwest-US,Electronics,1593.71,293.22,357.16,477.75,835.14,100.0,7.54,2.709,1.57811,0.550909,14.803855,14.223761,0.142237
2025-12-15,FAC-US-02,Grid Automation Plant,Midwest-US,Electronics,2998.37,492.38,914.66,595.77,1476.01,178.04,9.75,2.518,2.672622,0.934524,23.858082,24.947423,0.140121
2025-12-16,FAC-US-02,Grid Automation Plant,Midwest-US,Electronics,2936.32,519.97,508.61,760.33,1057.43,140.93,7.48,3.696,2.426217,1.077774,19.177158,18.984697,0.134714
2025-12-17,FAC-US-02,Grid Automation Plant,Midwest-US,Electronics,2984.69,475.04,885.55,628.89,1427.89,173.29,9.58,5.613,2.592026,0.940736,23.316056,21.236247,0.122548
2025-12-18,FAC-US-02,Grid Automation Plant,Midwest-US,Electronics,2952.45,473.79,1204.96,804.67,1474.8,187.47,13.38,2.88,2.661477,0.792408,26.486571,27.059964,0.144346
2025-12-19,FAC-US-02,Grid Automation Plant,Midwest-US,Electronics,3343.22,480.81,1027.96,834.65,1731.59,202.11,10.56,3.454,2.901674,1.038606,26.828509,27.314718,0.135149
2025-12-20,FAC-US-02,Grid Automation Plant,Midwest-US,Electronics,1731.42,352.82,489.55,628.45,981.98,104.1,6.14,2.411,1.88983,0.555868,14.733402,14.76768,0.141858
2025-12-21,FAC-US-02,Grid Automation Plant,Midwest-US,Electronics,2781.22,283.84,596.04,433.81,915.24,101.16,4.63,4.01,1.611918,0.972843,13.672064,12.246578,0.121067
2025-12-22,FAC-US-02,Grid Automation Plant,Midwest-US,Electronics,3835.75,411.57,1447.47,773.93,1695.08,207.64,8.8,3.816,2.673919,1.079022,26.624475,26.561433,0.127922
2025-12-23,FAC-US-02,Grid Automation Plant,Midwest-US,Electronics,3481.58,447.09,800.31,734.24,1472.49,181.28,9.5,2.408,2.574608,1.195067,24.17197,25.5339,0.14085
2025-12-24,FAC-US-02,Grid Automation Plant,Midwest-US,Electronics,3786.18,470.48,1276.01,823.02,1403.14,171.3,11.45,3.495,2.595884,1.129237,24.016252,24.246735,0.141543
2025-12-25,FAC-US-02,Grid Automation Plant,Midwest-US,Electronics,4211.82,522.3,974.68,942.32,1364.96,174.49,10.39,3.001,2.725376,1.442992,23.973299,25.140749,0.144085
2025-12-26,FAC-US-02,Grid Automation Plant,Midwest-US,Electronics,4049.61,539.88,1204.27,704.77,1331.1,162.37,11.14,4.945,2.698899,1.275225,22.891529,21.920556,0.135007
2025-12-27,FAC-US-02,Grid Automation Plant,Midwest-US,Electronics,2628.77,226.89,975.73,398.79,667.78,86.52,4.47,2.954,1.244777,0.746325,12.072348,11.109758,0.128408
2025-12-28,FAC-US-02,Grid Automation Plant,Midwest-US,Electronics,2755.31,417.49,1074.56,462.85,850.9,98.76,6.48,4.534,1.92157,0.760469,14.222609,12.371094,0.125261
2025-12-29,FAC-US-02,Grid Automation Plant,Midwest-US,Electronics,4164.66,448.38,2037.06,775.13,1349.22,158.97,8.89,3.029,2.482265,0.976053,21.641769,22.070943,0.138838
2025-12-30,FAC-US-02,Grid Automation Plant,Midwest-US,Electronics,3124.2,457.93,1562.45,763.23,1791.75,207.88,12.14,2.812,2.87734,0.717794,28.044666,28.827306,0.138672
2025-12-31,FAC-US-02,Grid Automation Plant,Midwest-US,Electronics,3254.64,484.78,1011.06,578.71,1369.89,171.04,9.97,2.892,2.559862,1.006744,23.218326,23.893203,0.139694
2026-01-01,FAC-US-02,Grid Automation Plant,Midwest-US,Electronics,2987.04,547.73,1111.52,656.01,1410.92,173.42,11.73,3.611,2.777729,0.84686,24.251664,24.264986,0.139924
2026-01-02,FAC-US-02,Grid Automation Plant,Midwest-US,Electronics,3100.79,476.26,1147.42,585.09,1537.37,193.66,8.85,4.392,2.678942,0.88181,25.084978,24.254226,0.125238
2026-01-03,FAC-US-02,Grid Automation Plant,Midwest-US,Electronics,1806.5,408.29,787.36,428.68,1202.28,135.93,8.63,3.019,2.185585,0.463805,18.93924,18.569355,0.136614
2026-01-04,FAC-US-02,Grid Automation Plant,Midwest-US,Electronics,1868.37,193.89,639.58,532.5,801.01,98.7,6.54,2.812,1.293655,0.553084,14.284046,13.319108,0.134946
2026-01-05,FAC-US-02,Grid Automation Plant,Midwest-US,Electronics,2840.8,512.55,857.05,994.13,1859.42,237.97,16.79,2.504,3.124423,0.889421,33.244745,34.75454,0.146048
2026-01-06,FAC-US-02,Grid Automation Plant,Midwest-US,Electronics,3266.48,561.0,1819.87,723.57,1898.78,198.17,10.27,3.388,3.235936,0.672251,26.23453,26.754767,0.135008
2026-01-07,FAC-US-02,Grid Automation Plant,Midwest-US,Electronics,3081.86,486.69,1016.38,822.59,1672.82,198.33,10.81,3.462,2.865792,0.92852,26.53844,26.871178,0.135489
2026-01-08,FAC-US-02,Grid Automation Plant,Midwest-US,Electronics,3628.96,424.43,1486.76,784.43,1356.45,169.96,12.01,2.16,2.425923,0.971577,24.088636,25.326422,0.149017
2026-01-09,FAC-US-02,Grid Automation Plant,Midwest-US,Electronics,3022.09,515.51,1473.3,801.61,1396.26,164.51,9.36,4.035,2.706744,0.710325,22.426214,21.808218,0.132568
2026-01-10,FAC-US-02,Grid Automation Plant,Midwest-US,Electronics,2213.76,186.45,869.36,438.53,848.3,94.85,7.7,3.326,1.29558,0.608478,14.316408,12.894025,0.135936
2026-01-11,FAC-US-02,Grid Automation Plant,Midwest-US,Electronics,1963.84,324.16,865.49,396.64,821.5,95.99,7.46,2.477,1.634174,0.500191,14.307201,13.964273,0.145475
2026-01-12,FAC-US-02,Grid Automation Plant,Midwest-US,Electronics,3418.2,461.89,1539.21,734.29,1307.77,162.42,10.25,3.865,2.475899,0.856855,22.541755,22.009311,0.135507
2026-01-13,FAC-US-02,Grid Automation Plant,Midwest-US,Electronics,2989.18,509.47,919.04,671.97,1459.56,174.54,9.93,2.782,2.719085,0.928643,23.619477,24.485488,0.140284
2026-01-14,FAC-US-02,Grid Automation Plant,Midwest-US,Electronics,4560.09,467.51,1914.8,649.26,1566.38,184.48,12.62,4.164,2.692042,1.20131,25.760791,25.489842,0.138173
2026-01-15,FAC-US-02,Grid Automation Plant,Midwest-US,Electronics,4284.12,478.79,1262.3,829.11,1822.45,212.29,12.0,3.356,2.971544,1.353989,28.482075,29.451777,0.138736
2026-01-16,FAC-US-02,Grid Automation Plant,Midwest-US,Electronics,4486.76,509.9,2159.93,817.53,1574.92,201.94,10.53,3.707,2.844783,1.066106,26.789608,26.993444,0.133672
2026-01-17,FAC-US-02,Grid Automation Plant,Midwest-US,Electronics,2694.86,230.53,1207.05,353.21,1225.84,139.87,8.31,2.333,1.714646,0.678239,19.164564,19.224897,0.137451
2026-01-18,FAC-US-02,Grid Automation Plant,Midwest-US,Electronics,2669.21,354.35,1654.91,515.96,1101.75,134.48,8.36,3.488,1.973172,0.478857,18.731872,17.695909,0.131583
2026-01-19,FAC-US-02,Grid Automation Plant,Midwest-US,Electronics,4439.64,356.85,1904.49,724.67,1247.0,158.1,10.82,3.639,2.141526,1.152667,22.331319,21.986653,0.139069
2026-01-20,FAC-US-02,Grid Automation Plant,Midwest-US,Electronics,3846.73,528.83,1241.91,722.9,1569.76,201.66,11.32,2.79,2.873217,1.170188,27.033575,28.286809,0.140266
2026-01-21,FAC-US-02,Grid Automation Plant,Midwest-US,Electronics,4508.65,467.73,1279.77,783.15,1456.14,175.49,11.66,3.51,2.625461,1.445401,24.512597,25.073779,0.142876
2026-01-22,FAC-US-02,Grid Automation Plant,Midwest-US,Electronics,3984.95,464.11,1062.68,783.16,1284.33,148.05,8.32,5.182,2.471459,1.306254,20.278909,18.874309,0.127489
2026-01-23,FAC-US-02,Grid Automation Plant,Midwest-US,Electronics,3294.59,437.14,1465.79,800.67,1122.12,153.05,10.1,3.545,2.266238,0.833328,21.551908,21.106819,0.137904
2026-01-24,FAC-US-02,Grid Automation Plant,Midwest-US,Electronics,2157.35,257.67,678.12,625.74,844.37,99.54,5.11,3.5,1.518705,0.663992,13.828126,12.510841,0.12569
2026-01-25,FAC-US-02,Grid Automation Plant,Midwest-US,Electronics,2594.86,316.61,1315.05,444.33,957.04,105.6,6.17,2.732,1.736844,0.5889,14.784815,14.378465,0.136162
2026-01-26,FAC-US-02,Grid Automation Plant,Midwest-US,Electronics,3230.66,515.26,1261.65,864.05,1262.52,143.82,8.81,4.071,2.605567,0.890951,20.098964,19.524033,0.135752
2026-01-27,FAC-US-02,Grid Automation Plant,Midwest-US,Electronics,3664.98,412.83,2014.01,715.11,1707.74,215.56,9.14,3.779,2.676768,0.765971,27.547077,27.211135,0.126235
2026-01-28,FAC-US-02,Grid Automation Plant,Midwest-US,Electronics,3326.83,442.38,1458.95,737.61,1753.77,209.06,10.82,4.428,2.798891,0.85038,27.598311,26.819894,0.128287
2026-01-29,FAC-US-02,Grid Automation Plant,Midwest-US,Electronics,3541.35,547.82,1363.95,850.43,1147.89,156.76,5.98,2.648,2.59398,0.984627,20.236619,21.167431,0.135029
2026-01-30,FAC-US-02,Grid Automation Plant,Midwest-US,Electronics,3427.29,511.12,1468.28,658.93,1388.05,186.31,11.49,3.204,2.660973,0.890643,25.482194,25.830244,0.13864
2026-01-31,FAC-US-02,Grid Automation Plant,Midwest-US,Electronics,2004.31,365.0,829.0,338.66,919.35,119.26,8.03,4.48,1.814787,0.533313,16.908863,14.777052,0.123909
2026-02-01,FAC-US-02,Grid Automation Plant,Midwest-US,Electronics,1860.54,309.83,500.14,372.32,1061.65,114.9,10.15,3.27,1.792861,0.608209,17.370741,16.501814,0.143614
2026-02-02,FAC-US-02,Grid Automation Plant,Midwest-US,Electronics,3469.74,480.67,1809.94,787.57,1710.06,192.74,12.4,5.339,2.874296,0.765819,26.605882,24.906503,0.129226
2026-02-03,FAC-US-02,Grid Automation Plant,Midwest-US,Electronics,3372.99,518.69,1212.0,737.44,1240.72,145.43,7.06,3.31,2.57241,0.974401,19.449393,19.686113,0.135366
2026-02-04,FAC-US-02,Grid Automation Plant,Midwest-US,Electronics,3907.73,497.22,1104.54,856.24,1665.0,207.13,10.84,3.87,2.893828,1.254712,27.479145,27.757305,0.134008
2026-02-05,FAC-US-02,Grid Automation Plant,Midwest-US,Electronics,3655.22,585.71,1540.85,699.62,1288.35,160.3,10.3,4.108,2.784854,0.960408,22.323926,21.961207,0.137002
2026-02-06,FAC-US-02,Grid Automation Plant,Midwest-US,Electronics,3841.96,481.1,1224.63,754.24,1029.39,129.61,9.33,1.513,2.297339,1.175348,18.784378,20.743877,0.160044
2026-02-07,FAC-US-02,Grid Automation Plant,Midwest-US,Electronics,2525.67,367.87,1279.4,554.55,734.11,82.59,1.82,3.545,1.707914,0.573444,10.653059,9.389888,0.113689
2026-02-08,FAC-US-02,Grid Automation Plant,Midwest-US,Electronics,2658.38,302.36,1215.56,608.58,540.7,73.37,3.22,2.203,1.380147,0.658621,10.319166,10.155388,0.138423
2026-02-09,FAC-US-02,Grid Automation Plant,Midwest-US,Electronics,4683.85,550.86,2123.4,888.54,1129.97,136.29,6.79,4.559,2.594298,1.168128,18.487417,17.691091,0.129807
2026-02-10,FAC-US-02,Grid Automation Plant,Midwest-US,Electronics,4164.07,486.3,1448.03,895.77,1345.69,162.44,11.42,3.557,2.603843,1.223188,23.13791,23.407958,0.1441
2026-02-11,FAC-US-02,Grid Automation Plant,Midwest-US,Electronics,5114.35,489.67,2999.23,706.97,1328.82,176.32,11.1,3.926,2.562852,0.989613,24.317628,23.944256,0.135799
2026-02-12,FAC-US-02,Grid Automation Plant,Midwest-US,Electronics,4547.99,532.21,2167.49,810.15,1584.63,199.71,10.86,4.25,2.911349,1.08986,26.692913,26.443935,0.132414
2026-02-13,FAC-US-02,Grid Automation Plant,Midwest-US,Electronics,4651.91,478.84,2324.54,711.54,1313.59,176.06,8.95,2.548,2.521889,1.069604,23.389965,24.433078,0.138777
2026-02-14,FAC-US-02,Grid Automation Plant,Midwest-US,Electronics,2676.66,337.37,989.67,496.4,1007.06,121.6,8.05,4.122,1.844395,0.761537,17.25791,15.741752,0.129457
2026-02-15,FAC-US-02,Grid Automation Plant,Midwest-US,Electronics,2957.84,262.36,885.76,575.85,769.33,89.76,6.3,3.395,1.458764,0.928841,13.284119,12.276423,0.136777
2026-02-16,FAC-US-02,Grid Automation Plant,Midwest-US,Electronics,3234.82,482.94,1360.24,965.04,1826.73,209.43,13.97,2.838,3.012096,0.851374,29.100439,30.125654,0.143845
2026-02-17,FAC-US-02,Grid Automation Plant,Midwest-US,Electronics,3724.6,586.35,1359.94,653.45,1694.97,215.39,12.55,2.663,3.119356,1.066906,28.923055,30.446446,0.141358
2026-02-18,FAC-US-02,Grid Automation Plant,Midwest-US,Electronics,3684.43,566.03,1677.57,634.81,1555.62,175.28,9.32,4.749,2.9443,0.915829,23.417793,22.528636,0.128533
2026-02-19,FAC-US-02,Grid Automation Plant,Midwest-US,Electronics,4176.88,428.47,1802.66,811.38,1587.78,192.78,9.06,4.22,2.636188,1.079874,25.221199,24.717149,0.128216
2026-02-20,FAC-US-02,Grid Automation Plant,Midwest-US,Electronics,3976.97,468.15,2086.21,785.12,1123.42,137.82,7.6,6.228,2.347496,0.872861,18.921458,15.913345,0.115463
2026-02-21,FAC-US-02,Grid Automation Plant,Midwest-US,Electronics,2268.3,280.81,1195.77,428.19,604.52,78.9,6.39,3.948,1.341719,0.495374,12.10926,9.997945,0.126724
2026-02-22,FAC-US-02,Grid Automation Plant,Midwest-US,Electronics,1896.7,310.94,926.68,454.33,815.42,106.72,6.3,2.57,1.604601,0.444963,14.961103,14.440657,0.135316
2026-02-23,FAC-US-02,Grid Automation Plant,Midwest-US,Electronics,4321.29,520.5,1821.96,775.92,1421.17,167.23,10.58,4.446,2.736155,1.135277,23.203431,22.628608,0.135317
2026-02-24,FAC-US-02,Grid Automation Plant,Midwest-US,Electronics,4230.11,487.72,2211.4,883.19,1354.16,157.54,8.79,4.506,2.612394,0.931612,21.519431,20.557045,0.130489
2026-02-25,FAC-US-02,Grid Automation Plant,Midwest-US,Electronics,4549.3,529.93,2718.69,987.92,1356.37,179.36,9.95,3.8,2.747281,0.858929,24.323601,24.129532,0.134529
2026-02-26,FAC-US-02,Grid Automation Plant,Midwest-US,Electronics,3755.72,530.59,1577.77,870.5,1554.95,184.09,9.59,3.976,2.893522,0.989105,24.585195,24.491954,0.13304
2026-02-27,FAC-US-02,Grid Automation Plant,Midwest-US,Electronics,3756.69,543.83,1698.53,732.51,1679.71,207.49,13.34,4.013,3.007587,0.938811,28.488799,28.422276,0.136982
2026-02-28,FAC-US-02,Grid Automation Plant,Midwest-US,Electronics,2211.6,242.41,762.33,445.82,1175.92,136.47,9.27,1.745,1.722141,0.652484,19.271731,19.900881,0.145831
2026-03-01,FAC-US-02,Grid Automation Plant,Midwest-US,Electronics,2262.02,396.69,829.24,508.51,1106.85,128.22,11.26,2.761,2.0895,0.646555,19.296026,19.270894,0.1503
2026-03-02,FAC-US-02,Grid Automation Plant,Midwest-US,Electronics,4044.53,484.14,1396.92,786.03,1538.1,176.86,11.14,2.732,2.73885,1.192079,24.437512,25.636368,0.144957
2026-03-03,FAC-US-02,Grid Automation Plant,Midwest-US,Electronics,4817.85,449.86,1762.88,734.55,1489.73,192.39,12.99,3.356,2.596561,1.378481,26.786724,27.405743,0.142447
2026-03-04,FAC-US-02,Grid Automation Plant,Midwest-US,Electronics,4371.82,547.63,1828.99,849.21,1211.12,160.78,8.23,4.151,2.646353,1.154548,21.594403,21.244177,0.132128
2026-03-05,FAC-US-02,Grid Automation Plant,Midwest-US,Electronics,4493.78,420.91,1712.0,790.44,1209.48,149.52,10.53,3.541,2.2942,1.257326,21.364738,21.375731,0.142965
2026-03-06,FAC-US-02,Grid Automation Plant,Midwest-US,Electronics,4798.56,447.7,2674.42,628.64,1102.61,137.06,6.3,5.308,2.245479,0.987151,18.201497,16.125925,0.117658
2026-03-07,FAC-US-02,Grid Automation Plant,Midwest-US,Electronics,2796.51,337.31,1586.5,438.53,559.63,70.77,3.98,3.349,1.457396,0.563575,10.26517,8.936659,0.126282
2026-03-08,FAC-US-02,Grid Automation Plant,Midwest-US,Electronics,2841.2,342.46,969.33,578.05,1021.38,125.19,8.57,3.325,1.88559,0.842439,17.895796,17.298373,0.138172
2026-03-09,FAC-US-02,Grid Automation Plant,Midwest-US,Electronics,4627.9,452.28,1653.45,697.37,1211.6,144.06,8.87,2.514,2.362338,1.3409,20.046378,21.235854,0.147406
2026-03-10,FAC-US-02,Grid Automation Plant,Midwest-US,Electronics,4651.43,484.06,2258.91,583.26,1399.59,158.33,11.95,5.089,2.583766,1.096954,22.739155,21.331061,0.134722
2026-03-11,FAC-US-02,Grid Automation Plant,Midwest-US,Electronics,4817.87,489.3,1906.62,680.11,1611.41,193.79,9.58,4.143,2.794124,1.318117,25.465838,25.434926,0.131249
2026-03-12,FAC-US-02,Grid Automation Plant,Midwest-US,Electronics,3912.82,460.13,1808.57,857.77,1429.85,184.92,10.68,3.204,2.597204,0.961259,25.122376,25.476735,0.137773
2026-03-13,FAC-US-02,Grid Automation Plant,Midwest-US,Electronics,3713.9,504.46,1740.7,570.72,1637.29,208.74,12.64,4.416,2.83571,0.902279,28.225357,27.547506,0.131968
2026-03-14,FAC-US-02,Grid Automation Plant,Midwest-US,Electronics,2630.38,302.63,1127.92,439.78,1059.86,131.43,6.69,2.916,1.784896,0.683116,17.667147,17.21925,0.13102
2026-03-15,FAC-US-02,Grid Automation Plant,Midwest-US,Electronics,2161.27,216.26,968.35,523.27,960.61,115.18,7.51,2.913,1.485923,0.543818,16.384913,15.501405,0.134587
2026-03-16,FAC-US-02,Grid Automation Plant,Midwest-US,Electronics,3976.71,570.21,1721.52,655.32,1424.86,174.85,8.87,2.968,2.849548,1.025919,23.197857,24.104855,0.137861
2026-03-17,FAC-US-02,Grid Automation Plant,Midwest-US,Electronics,3628.21,429.34,1840.14,836.77,1223.03,160.67,9.04,4.703,2.336955,0.822827,21.915688,20.372329,0.126795
2026-03-18,FAC-US-02,Grid Automation Plant,Midwest-US,Electronics,3811.42,506.73,1883.6,838.39,1548.13,174.1,8.95,3.609,2.817758,0.885151,23.267787,23.361889,0.134185
2026-03-19,FAC-US-02,Grid Automation Plant,Midwest-US,Electronics,6088.87,728.47,1915.54,736.78,1300.66,169.95,11.94,3.678,3.184838,1.873355,24.031306,25.411432,0.149519
2026-03-20,FAC-US-02,Grid Automation Plant,Midwest-US,Electronics,3759.12,526.09,1532.01,861.98,1214.35,144.55,9.4,3.545,2.593759,1.009819,20.419835,20.478424,0.141666
2026-03-21,FAC-US-02,Grid Automation Plant,Midwest-US,Electronics,1759.37,296.31,611.85,447.55,894.68,114.22,7.7,2.353,1.630666,0.516794,16.317814,16.112477,0.14106
2026-03-22,FAC-US-02,Grid Automation Plant,Midwest-US,Electronics,2357.52,260.79,1048.83,467.37,900.39,102.17,6.87,4.088,1.544049,0.596331,14.738785,12.791316,0.125194
2026-03-23,FAC-US-02,Grid Automation Plant,Midwest-US,Electronics,3347.44,474.03,1345.51,899.0,1441.56,164.34,10.42,2.756,2.652122,0.90709,22.913735,23.716973,0.144313
2026-03-24,FAC-US-02,Grid Automation Plant,Midwest-US,Electronics,3694.66,425.3,1547.11,823.62,1461.39,177.2,11.72,2.356,2.52387,0.975125,24.740123,25.883223,0.146065
2026-03-25,FAC-US-02,Grid Automation Plant,Midwest-US,Electronics,4633.89,493.75,1699.37,821.27,1279.97,163.71,12.21,3.536,2.55447,1.324253,23.550424,23.893006,0.145946
2026-03-26,FAC-US-02,Grid Automation Plant,Midwest-US,Electronics,4196.35,458.87,1564.01,750.77,1482.61,193.99,11.98,3.911,2.617806,1.188669,26.538053,26.433848,0.136264
2026-03-27,FAC-US-02,Grid Automation Plant,Midwest-US,Electronics,4858.54,496.05,2448.97,760.14,1750.04,198.65,10.9,5.018,2.943884,1.108217,26.570149,25.604193,0.12889
2026-03-28,FAC-US-02,Grid Automation Plant,Midwest-US,Electronics,3098.88,196.19,1796.41,467.45,950.41,117.65,9.42,3.304,1.412944,0.608399,17.4085,16.126231,0.137075
2026-03-29,FAC-US-02,Grid Automation Plant,Midwest-US,Electronics,2549.13,280.72,1173.24,530.22,1342.84,167.73,9.4,1.911,1.98106,0.628344,22.604275,23.302523,0.13893
2026-03-30,FAC-US-02,Grid Automation Plant,Midwest-US,Electronics,4344.03,484.72,1417.01,770.95,1621.92,185.94,9.22,3.808,2.807942,1.315361,24.560381,24.87589,0.133781
2026-03-31,FAC-US-02,Grid Automation Plant,Midwest-US,Electronics,4631.33,477.25,1691.88,861.43,1462.23,180.7,11.99,3.366,2.670984,1.326271,25.236968,25.867754,0.143156
2026-04-01,FAC-US-02,Grid Automation Plant,Midwest-US,Electronics,4710.49,408.32,1950.84,653.42,1659.68,196.83,11.45,3.918,2.612593,1.252324,26.546346,26.492827,0.134596
2026-04-02,FAC-US-02,Grid Automation Plant,Midwest-US,Electronics,4667.9,494.1,1759.05,762.23,1329.98,146.16,7.77,4.509,2.586183,1.314144,19.841342,19.233119,0.13159
2026-04-03,FAC-US-02,Grid Automation Plant,Midwest-US,Electronics,4592.06,537.5,1643.55,821.2,1127.23,135.45,8.43,2.698,2.543389,1.329298,19.0462,20.221002,0.149288
2026-04-04,FAC-US-02,Grid Automation Plant,Midwest-US,Electronics,3249.51,298.7,1367.88,543.18,989.96,121.0,6.95,3.056,1.735287,0.854627,16.764179,16.297822,0.134693
2026-04-05,FAC-US-02,Grid Automation Plant,Midwest-US,Electronics,2218.22,283.33,1065.85,446.21,734.27,92.03,3.4,4.573,1.460893,0.527919,12.223518,9.639516,0.104739
2026-04-06,FAC-US-02,Grid Automation Plant,Midwest-US,Electronics,3969.3,546.39,1500.75,794.94,1559.43,174.94,10.44,3.47,2.925275,1.115384,23.95111,24.521624,0.140171
2026-04-07,FAC-US-02,Grid Automation Plant,Midwest-US,Electronics,3779.04,547.98,1650.72,920.44,1372.87,165.39,11.59,1.394,2.796687,0.968718,23.527992,25.89915,0.156596
2026-04-08,FAC-US-02,Grid Automation Plant,Midwest-US,Electronics,3819.31,499.85,1864.1,776.82,1413.51,175.53,9.37,5.179,2.674548,0.896813,23.553418,21.945937,0.125025
2026-04-09,FAC-US-02,Grid Automation Plant,Midwest-US,Electronics,4072.02,456.76,1694.77,831.79,1744.73,211.5,12.46,3.567,2.847731,1.07907,28.597367,28.95733,0.136914
2026-04-10,FAC-US-02,Grid Automation Plant,Midwest-US,Electronics,3547.61,418.47,1398.36,835.71,1588.99,183.96,9.92,2.001,2.615032,0.972931,24.68895,26.275642,0.142834
2026-04-11,FAC-US-02,Grid Automation Plant,Midwest-US,Electronics,2385.44,238.05,986.07,312.16,1157.75,128.2,7.36,3.695,1.669804,0.634967,17.535649,16.145471,0.125937
2026-04-12,FAC-US-02,Grid Automation Plant,Midwest-US,Electronics,2426.39,278.05,746.36,362.78,911.81,117.33,6.02,1.746,1.580012,0.753657,15.882612,16.469972,0.14037
2026-04-13,FAC-US-02,Grid Automation Plant,Midwest-US,Electronics,3580.94,474.83,1121.03,780.85,1385.14,175.7,13.32,3.922,2.584436,1.104062,25.230215,24.996483,0.142271
2026-04-14,FAC-US-02,Grid Automation Plant,Midwest-US,Electronics,3670.67,515.26,1752.73,690.2,1551.56,195.08,15.74,3.282,2.815353,0.878215,28.192426,28.604097,0.146627
2026-04-15,FAC-US-02,Grid Automation Plant,Midwest-US,Electronics,3695.74,436.06,1738.98,691.39,1530.94,174.55,10.71,1.623,2.585986,0.895016,23.961316,25.819272,0.14792
2026-04-16,FAC-US-02,Grid Automation Plant,Midwest-US,Electronics,3701.18,495.26,1698.32,812.67,1318.87,158.9,9.91,2.666,2.589552,0.914485,22.083273,22.92121,0.144245
2026-04-17,FAC-US-02,Grid Automation Plant,Midwest-US,Electronics,3537.73,516.28,1035.34,878.85,1193.11,139.76,7.51,2.882,2.552833,1.121051,19.143909,19.935538,0.142639
2026-04-18,FAC-US-02,Grid Automation Plant,Midwest-US,Electronics,2585.62,376.35,1137.64,397.5,716.59,87.83,3.49,2.221,1.686087,0.659346,11.794305,11.918947,0.135706
2026-04-19,FAC-US-02,Grid Automation Plant,Midwest-US,Electronics,2236.16,229.04,793.18,502.47,776.38,95.46,6.99,3.651,1.36146,0.650328,14.118313,12.478641,0.130714
2026-04-20,FAC-US-02,Grid Automation Plant,Midwest-US,Electronics,4761.98,549.77,1646.03,779.21,1142.2,142.17,7.93,2.366,2.580894,1.402985,19.506049,21.124233,0.14858
2026-04-21,FAC-US-02,Grid Automation Plant,Midwest-US,Electronics,5171.64,469.48,1308.39,771.93,1581.26,197.83,13.53,4.424,2.733137,1.724964,27.597755,27.632178,0.139675
2026-04-22,FAC-US-02,Grid Automation Plant,Midwest-US,Electronics,5155.88,469.93,2019.93,807.05,1423.12,179.58,12.77,4.216,2.608166,1.419189,25.416389,25.228233,0.140484
2026-04-23,FAC-US-02,Grid Automation Plant,Midwest-US,Electronics,4609.83,492.62,1448.72,665.44,1527.7,184.91,10.33,3.938,2.729936,1.418941,24.85385,25.064881,0.135551
2026-04-24,FAC-US-02,Grid Automation Plant,Midwest-US,Electronics,4838.61,448.88,1813.47,754.9,1767.1,214.12,13.48,3.182,2.83079,1.36636,29.247895,30.263404,0.141339
2026-04-25,FAC-US-02,Grid Automation Plant,Midwest-US,Electronics,2921.48,382.36,1434.39,556.15,810.45,103.71,8.17,2.802,1.811165,0.682423,15.499476,15.191364,0.146483
2026-04-26,FAC-US-02,Grid Automation Plant,Midwest-US,Electronics,2979.38,334.18,802.93,479.93,883.97,104.74,5.11,3.892,1.72932,0.973098,14.271716,13.081869,0.124904
2026-04-27,FAC-US-02,Grid Automation Plant,Midwest-US,Electronics,4547.52,361.1,2060.77,814.48,1586.83,193.23,10.44,3.881,2.455437,1.134475,25.850795,25.559718,0.132274
2026-04-28,FAC-US-02,Grid Automation Plant,Midwest-US,Electronics,4452.45,478.95,1627.68,817.23,1620.5,183.89,10.34,4.612,2.800075,1.274566,24.848034,24.310376,0.132202
2026-04-29,FAC-US-02,Grid Automation Plant,Midwest-US,Electronics,3771.18,484.04,886.69,846.87,1305.08,142.31,8.58,2.651,2.554407,1.286156,19.833437,21.022632,0.147725
2026-04-30,FAC-US-02,Grid Automation Plant,Midwest-US,Electronics,3704.25,522.08,1400.54,880.22,1323.83,176.96,10.65,3.451,2.678424,1.040901,24.301317,24.569632,0.138843
2026-05-01,FAC-US-02,Grid Automation Plant,Midwest-US,Electronics,3299.87,459.94,1195.82,716.65,1108.27,135.18,7.59,3.393,2.29976,0.94904,18.602295,18.458196,0.136547
2026-05-02,FAC-US-02,Grid Automation Plant,Midwest-US,Electronics,2277.28,354.09,1174.26,571.84,984.66,124.13,7.01,2.634,1.884723,0.508359,17.128689,16.887709,0.136049
2026-05-03,FAC-US-02,Grid Automation Plant,Midwest-US,Electronics,2265.27,311.72,901.58,499.86,856.51,105.75,4.96,2.903,1.649848,0.617602,14.325692,13.690264,0.129464
2026-05-04,FAC-US-02,Grid Automation Plant,Midwest-US,Electronics,3635.09,519.86,1291.53,825.75,1357.42,178.68,10.57,2.722,2.690358,1.056269,24.411225,25.436184,0.142352
2026-05-05,FAC-US-02,Grid Automation Plant,Midwest-US,Electronics,3762.73,555.68,1498.54,736.79,1413.53,173.92,11.2,4.275,2.816587,1.025464,24.129053,23.69656,0.136253
2026-05-06,FAC-US-02,Grid Automation Plant,Midwest-US,Electronics,3828.38,474.05,1562.47,756.57,1421.07,165.43,10.49,3.852,2.607892,1.027488,22.966348,22.749572,0.137516
2026-05-07,FAC-US-02,Grid Automation Plant,Midwest-US,Electronics,3244.58,468.61,1118.5,823.1,1410.12,178.13,11.54,3.674,2.596773,0.957196,24.758578,24.63825,0.138318
2026-05-08,FAC-US-02,Grid Automation Plant,Midwest-US,Electronics,3878.97,449.47,1249.64,804.45,1502.43,182.03,9.61,3.897,2.619471,1.181123,24.342353,24.245586,0.133196
2026-05-09,FAC-US-02,Grid Automation Plant,Midwest-US,Electronics,2078.71,317.29,429.45,493.67,1005.62,120.95,9.16,1.067,1.788863,0.733847,17.654879,19.110579,0.157999
2026-05-10,FAC-US-02,Grid Automation Plant,Midwest-US,Electronics,2584.24,343.76,686.9,411.68,1102.09,141.45,8.31,4.629,1.925259,0.84805,19.364889,17.509301,0.123783
2026-05-11,FAC-US-02,Grid Automation Plant,Midwest-US,Electronics,3645.99,452.8,1503.41,916.64,1708.31,190.51,11.99,2.876,2.822648,0.972075,26.284181,27.202532,0.14279
2026-05-12,FAC-US-02,Grid Automation Plant,Midwest-US,Electronics,3698.44,531.96,1443.31,821.15,1525.2,194.19,13.69,3.705,2.862831,1.020385,27.321122,27.498977,0.14161
2026-05-13,FAC-US-02,Grid Automation Plant,Midwest-US,Electronics,3768.89,514.47,1360.34,799.64,1403.94,171.62,9.49,3.038,2.710017,1.086218,23.212416,23.970337,0.139671
2026-05-14,FAC-US-02,Grid Automation Plant,Midwest-US,Electronics,4755.84,475.81,1456.6,772.77,1303.11,153.3,10.07,5.067,2.516623,1.479846,21.549736,20.479164,0.133592
2026-05-15,FAC-US-02,Grid Automation Plant,Midwest-US,Electronics,4455.3,404.98,1676.45,938.59,1061.77,129.36,6.62,4.356,2.155568,1.25533,17.732314,16.78752,0.129778
2026-05-16,FAC-US-02,Grid Automation Plant,Midwest-US,Electronics,2841.86,297.43,705.69,518.42,484.13,56.18,3.93,4.844,1.302289,0.953459,8.791959,6.203992,0.110425
2025-11-18,FAC-CN-03,Industrial Drives Campus,Shenzhen-CN,Machining,6038.9,420.76,1074.26,965.81,1617.8,228.98,11.15,3.33,2.670101,2.850118,29.934605,32.124347,0.140293
2025-11-19,FAC-CN-03,Industrial Drives Campus,Shenzhen-CN,Machining,3432.0,540.79,1705.93,958.3,1860.77,233.94,12.4,3.403,3.194439,1.017293,30.966015,31.774974,0.135825
2025-11-20,FAC-CN-03,Industrial Drives Campus,Shenzhen-CN,Machining,3539.77,542.77,1047.8,973.16,1578.01,244.81,12.86,3.746,2.965045,1.440675,32.290671,32.950334,0.134595
2025-11-21,FAC-CN-03,Industrial Drives Campus,Shenzhen-CN,Machining,2786.65,466.32,434.83,1026.31,1815.62,217.76,12.39,2.959,2.969858,1.348677,29.331246,30.691265,0.140942
2025-11-22,FAC-CN-03,Industrial Drives Campus,Shenzhen-CN,Machining,2337.11,320.68,707.84,594.94,1036.66,135.71,10.1,3.711,1.843256,0.942371,19.637596,18.712662,0.137883
2025-11-23,FAC-CN-03,Industrial Drives Campus,Shenzhen-CN,Machining,2204.16,204.42,484.23,617.94,969.14,143.18,9.2,3.756,1.479335,0.989601,20.04264,18.755927,0.130997
2025-11-24,FAC-CN-03,Industrial Drives Campus,Shenzhen-CN,Machining,3163.36,415.43,1107.36,1009.4,1710.53,244.64,13.88,3.583,2.741986,1.19343,32.722141,33.074702,0.135199
2025-11-25,FAC-CN-03,Industrial Drives Campus,Shenzhen-CN,Machining,3499.26,508.77,1025.72,1076.25,1500.67,219.2,13.23,3.552,2.828568,1.429732,29.862974,30.569241,0.139461
2025-11-26,FAC-CN-03,Industrial Drives Campus,Shenzhen-CN,Machining,3949.74,391.83,795.95,939.75,1478.77,217.86,10.46,3.476,2.470827,1.812786,28.477323,29.284757,0.134418
2025-11-27,FAC-CN-03,Industrial Drives Campus,Shenzhen-CN,Machining,4590.81,541.01,1645.05,1133.11,1201.12,177.89,5.64,5.712,2.674145,1.711066,22.451015,21.124007,0.118747
2025-11-28,FAC-CN-03,Industrial Drives Campus,Shenzhen-CN,Machining,4246.25,428.03,539.24,987.28,1316.94,187.21,6.6,2.88,2.440925,2.122933,23.726027,25.409644,0.135726
2025-11-29,FAC-CN-03,Industrial Drives Campus,Shenzhen-CN,Machining,2955.52,430.62,860.89,665.91,1045.85,132.16,8.66,4.432,2.1591,1.210569,18.707464,17.645494,0.133515
2025-11-30,FAC-CN-03,Industrial Drives Campus,Shenzhen-CN,Machining,2272.32,314.72,494.83,573.61,669.65,92.14,4.71,3.996,1.514929,1.022607,12.861248,11.402451,0.123747
2025-12-01,FAC-CN-03,Industrial Drives Campus,Shenzhen-CN,Machining,4299.07,370.9,1104.69,1003.51,1444.1,213.91,9.72,4.562,2.397713,1.842029,27.799082,27.476441,0.128446
2025-12-02,FAC-CN-03,Industrial Drives Campus,Shenzhen-CN,Machining,4473.13,439.62,1606.6,904.39,1530.89,223.44,13.9,4.768,2.635963,1.665158,30.478361,30.011078,0.134312
2025-12-03,FAC-CN-03,Industrial Drives Campus,Shenzhen-CN,Machining,4524.77,483.57,1429.05,967.03,1595.78,213.29,10.76,3.003,2.820155,1.792238,28.149998,29.759401,0.139524
2025-12-04,FAC-CN-03,Industrial Drives Campus,Shenzhen-CN,Machining,4272.46,454.28,842.3,902.56,1654.79,232.71,12.74,3.589,2.778992,1.971179,30.946144,32.107393,0.137974
2025-12-05,FAC-CN-03,Industrial Drives Campus,Shenzhen-CN,Machining,4259.34,506.99,1428.37,976.24,1852.87,239.22,11.89,2.728,3.100632,1.641371,31.307577,33.321091,0.139293
2025-12-06,FAC-CN-03,Industrial Drives Campus,Shenzhen-CN,Machining,2357.9,317.4,699.38,418.47,954.01,141.89,8.04,4.322,1.731518,0.958877,19.300958,17.669774,0.12453
2025-12-07,FAC-CN-03,Industrial Drives Campus,Shenzhen-CN,Machining,2258.34,251.23,543.46,579.9,912.61,126.81,7.07,4.218,1.550069,0.987896,17.435904,15.755447,0.124242
2025-12-08,FAC-CN-03,Industrial Drives Campus,Shenzhen-CN,Machining,3738.86,531.14,1015.35,792.94,1770.84,247.87,14.21,4.374,3.061619,1.571957,33.059749,33.318988,0.13442
2025-12-09,FAC-CN-03,Industrial Drives Campus,Shenzhen-CN,Machining,3980.39,524.62,971.53,916.61,1685.93,221.82,11.56,4.438,2.996315,1.733687,29.335362,29.626953,0.133563
2025-12-10,FAC-CN-03,Industrial Drives Campus,Shenzhen-CN,Machining,3684.3,472.31,1066.41,862.55,1694.64,223.98,13.34,3.657,2.853163,1.512788,30.273903,30.983023,0.13833
2025-12-11,FAC-CN-03,Industrial Drives Campus,Shenzhen-CN,Machining,3391.81,446.25,1166.24,748.75,1068.84,154.93,5.1,4.154,2.236035,1.291223,19.616261,18.989289,0.122567
2025-12-12,FAC-CN-03,Industrial Drives Campus,Shenzhen-CN,Machining,3569.35,448.0,1483.89,731.7,1243.5,175.48,9.67,2.883,2.384197,1.217678,23.64584,24.365116,0.138845
2025-12-13,FAC-CN-03,Industrial Drives Campus,Shenzhen-CN,Machining,2127.59,275.39,674.64,813.22,744.46,106.64,5.74,3.301,1.517908,0.841245,14.940611,13.998519,0.131264
2025-12-14,FAC-CN-03,Industrial Drives Campus,Shenzhen-CN,Machining,2549.25,364.15,166.17,454.58,445.51,68.67,3.38,5.234,1.436507,1.361173,9.806631,7.370408,0.107326
2025-12-15,FAC-CN-03,Industrial Drives Campus,Shenzhen-CN,Machining,3542.48,518.14,918.05,891.71,1498.05,201.89,7.62,4.213,2.816387,1.513574,25.609617,25.726358,0.127427
2025-12-16,FAC-CN-03,Industrial Drives Campus,Shenzhen-CN,Machining,3273.2,482.22,788.18,881.23,1537.22,212.63,8.92,3.029,2.75105,1.431569,27.254661,28.408576,0.133603
2025-12-17,FAC-CN-03,Industrial Drives Campus,Shenzhen-CN,Machining,3408.82,480.88,995.87,899.95,1954.33,255.74,12.34,4.507,3.101398,1.394617,33.151464,33.140647,0.129589
2025-12-18,FAC-CN-03,Industrial Drives Campus,Shenzhen-CN,Machining,3807.9,480.99,1187.74,917.04,1549.56,210.93,9.17,3.126,2.764916,1.516483,27.205372,28.360294,0.134457
2025-12-19,FAC-CN-03,Industrial Drives Campus,Shenzhen-CN,Machining,3755.34,517.75,1137.74,919.6,1629.69,267.79,13.98,3.785,2.931223,1.514036,35.098722,35.759478,0.133537
2025-12-20,FAC-CN-03,Industrial Drives Campus,Shenzhen-CN,Machining,2074.12,354.48,657.45,559.93,1032.96,149.58,8.2,3.367,1.92409,0.820233,20.245602,19.623375,0.131192
2025-12-21,FAC-CN-03,Industrial Drives Campus,Shenzhen-CN,Machining,2792.1,271.4,1023.16,461.21,1184.21,159.54,8.56,4.344,1.809726,1.028199,21.367132,19.860845,0.124487
2025-12-22,FAC-CN-03,Industrial Drives Campus,Shenzhen-CN,Machining,4232.73,398.59,1480.22,971.76,1526.62,230.94,12.52,4.605,2.535219,1.597689,30.713751,30.241193,0.130946
2025-12-23,FAC-CN-03,Industrial Drives Campus,Shenzhen-CN,Machining,4594.28,414.43,2024.42,982.94,1410.41,197.2,11.46,2.93,2.482166,1.504391,26.792988,27.849608,0.141225
2025-12-24,FAC-CN-03,Industrial Drives Campus,Shenzhen-CN,Machining,4879.31,454.24,2216.65,899.86,1555.39,196.2,8.09,4.295,2.694854,1.561073,25.224465,25.185441,0.128365
2025-12-25,FAC-CN-03,Industrial Drives Campus,Shenzhen-CN,Machining,4670.81,532.25,1277.53,1004.98,1509.54,190.69,8.69,3.555,2.885406,1.958786,24.970794,26.260094,0.137709
2025-12-26,FAC-CN-03,Industrial Drives Campus,Shenzhen-CN,Machining,5079.05,420.09,1778.3,905.57,1525.0,202.44,11.35,5.039,2.578904,1.915977,27.240346,26.695967,0.131869
2025-12-27,FAC-CN-03,Industrial Drives Campus,Shenzhen-CN,Machining,2784.41,248.97,783.02,562.46,1117.94,147.93,10.02,3.909,1.713167,1.155893,20.841948,19.801788,0.133863
2025-12-28,FAC-CN-03,Industrial Drives Campus,Shenzhen-CN,Machining,2865.08,268.8,1301.63,564.06,823.06,116.51,5.95,5.397,1.518925,0.916622,15.892034,12.930716,0.11098
2025-12-29,FAC-CN-03,Industrial Drives Campus,Shenzhen-CN,Machining,5276.39,451.93,1616.58,865.54,1330.95,180.08,9.23,4.978,2.493628,2.117372,24.01846,23.650965,0.131334
2025-12-30,FAC-CN-03,Industrial Drives Campus,Shenzhen-CN,Machining,3359.82,501.44,1114.49,792.74,1354.38,192.08,10.62,3.227,2.632166,1.301458,25.794167,26.500804,0.137964
2025-12-31,FAC-CN-03,Industrial Drives Campus,Shenzhen-CN,Machining,3510.24,509.39,1237.24,1172.29,1546.39,202.85,8.65,2.694,2.886861,1.319653,26.316204,27.828695,0.137187
2026-01-01,FAC-CN-03,Industrial Drives Campus,Shenzhen-CN,Machining,4162.05,465.12,1744.09,1015.16,1731.59,224.34,13.57,3.282,2.893952,1.412288,30.501114,31.525839,0.140528
2026-01-02,FAC-CN-03,Industrial Drives Campus,Shenzhen-CN,Machining,3488.98,431.32,1062.55,901.44,1542.13,238.99,13.36,3.841,2.62259,1.403619,31.855117,32.040513,0.134066
2026-01-03,FAC-CN-03,Industrial Drives Campus,Shenzhen-CN,Machining,2477.55,318.63,1223.71,520.98,890.44,127.73,6.42,3.357,1.700889,0.738666,17.21986,16.302818,0.127632
2026-01-04,FAC-CN-03,Industrial Drives Campus,Shenzhen-CN,Machining,2277.44,265.86,1077.99,399.78,773.02,109.51,7.17,2.479,1.437806,0.704794,15.580535,15.243973,0.139203
2026-01-05,FAC-CN-03,Industrial Drives Campus,Shenzhen-CN,Machining,3930.21,513.92,1647.89,979.75,1412.0,221.1,12.22,5.197,2.74954,1.333095,29.578416,28.464476,0.128738
2026-01-06,FAC-CN-03,Industrial Drives Campus,Shenzhen-CN,Machining,3932.24,547.49,1170.17,869.36,1591.13,202.92,9.89,4.438,2.968996,1.597,26.655452,26.783722,0.131991
2026-01-07,FAC-CN-03,Industrial Drives Campus,Shenzhen-CN,Machining,4305.38,505.47,961.53,737.86,1223.07,186.54,12.23,4.535,2.522237,1.924363,25.86538,25.776981,0.138187
2026-01-08,FAC-CN-03,Industrial Drives Campus,Shenzhen-CN,Machining,3864.87,514.49,1290.35,1091.55,1118.64,151.31,8.38,4.352,2.5259,1.492507,20.832173,20.498556,0.135475
2026-01-09,FAC-CN-03,Industrial Drives Campus,Shenzhen-CN,Machining,4046.15,461.3,1858.95,867.19,1263.77,163.04,8.67,3.273,2.462613,1.283077,22.024104,22.497143,0.137986
2026-01-10,FAC-CN-03,Industrial Drives Campus,Shenzhen-CN,Machining,2301.63,299.82,881.21,551.07,829.52,105.64,6.59,4.962,1.605014,0.826806,15.032848,12.503161,0.118353
2026-01-11,FAC-CN-03,Industrial Drives Campus,Shenzhen-CN,Machining,2445.24,335.73,1184.11,512.37,579.53,85.75,5.75,3.731,1.483915,0.74204,12.601194,11.095839,0.129405
2026-01-12,FAC-CN-03,Industrial Drives Campus,Shenzhen-CN,Machining,3949.97,494.27,1513.1,850.35,1634.28,207.81,11.44,5.158,2.859019,1.418485,27.799083,26.918714,0.129537
2026-01-13,FAC-CN-03,Industrial Drives Campus,Shenzhen-CN,Machining,3794.07,450.08,1400.45,986.05,1464.5,197.39,9.42,3.736,2.623748,1.391613,25.958746,26.238373,0.13293
2026-01-14,FAC-CN-03,Industrial Drives Campus,Shenzhen-CN,Machining,4738.35,559.08,1725.01,857.82,1541.23,224.46,15.04,2.426,2.95594,1.751157,31.032385,33.313881,0.148416
2026-01-15,FAC-CN-03,Industrial Drives Campus,Shenzhen-CN,Machining,5364.48,511.35,1964.17,1115.78,1389.15,205.0,9.7,4.555,2.749293,1.976387,26.943791,27.114492,0.132263
2026-01-16,FAC-CN-03,Industrial Drives Campus,Shenzhen-CN,Machining,4821.25,429.09,1881.81,966.93,1717.26,229.75,11.58,4.013,2.776172,1.712151,30.192398,30.667741,0.133481
2026-01-17,FAC-CN-03,Industrial Drives Campus,Shenzhen-CN,Machining,2946.8,300.01,1114.98,705.99,1083.95,153.17,7.71,3.741,1.848693,1.06585,20.503042,19.676384,0.12846
2026-01-18,FAC-CN-03,Industrial Drives Campus,Shenzhen-CN,Machining,2853.05,341.8,945.76,522.29,952.62,133.41,6.19,2.74,1.815472,1.105499,17.710513,17.891803,0.134109
2026-01-19,FAC-CN-03,Industrial Drives Campus,Shenzhen-CN,Machining,5324.36,458.42,1990.34,886.5,1454.4,209.32,11.07,3.908,2.618691,1.939129,27.822083,28.471968,0.136022
2026-01-20,FAC-CN-03,Industrial Drives Campus,Shenzhen-CN,Machining,4885.07,502.86,2137.28,944.07,1514.81,205.15,10.4,5.269,2.79948,1.60801,27.145446,26.284103,0.128119
2026-01-21,FAC-CN-03,Industrial Drives Campus,Shenzhen-CN,Machining,5373.68,501.1,2173.24,863.62,1453.37,204.53,11.65,4.021,2.72786,1.86664,27.556965,28.1304,0.137537
2026-01-22,FAC-CN-03,Industrial Drives Campus,Shenzhen-CN,Machining,5036.39,441.66,2716.15,900.1,1473.82,214.36,12.43,5.053,2.592667,1.375853,28.919189,27.834355,0.12985
2026-01-23,FAC-CN-03,Industrial Drives Campus,Shenzhen-CN,Machining,3925.61,521.46,1618.59,1000.23,1282.36,181.33,8.69,4.164,2.664742,1.346594,24.002876,23.850203,0.13153
2026-01-24,FAC-CN-03,Industrial Drives Campus,Shenzhen-CN,Machining,2568.98,381.41,976.09,516.92,899.33,115.6,7.89,4.572,1.875835,0.926955,16.584594,14.815046,0.128154
2026-01-25,FAC-CN-03,Industrial Drives Campus,Shenzhen-CN,Machining,2648.38,279.55,1039.83,513.11,1121.22,149.98,5.63,2.703,1.788511,0.937144,19.181845,19.20418,0.128043
2026-01-26,FAC-CN-03,Industrial Drives Campus,Shenzhen-CN,Machining,4310.09,530.4,1951.6,994.7,1569.36,223.72,9.44,5.248,2.928741,1.382512,28.688533,27.752203,0.124047
2026-01-27,FAC-CN-03,Industrial Drives Campus,Shenzhen-CN,Machining,3747.21,467.76,1621.35,914.63,1494.13,214.94,11.81,3.917,2.682445,1.243415,28.731016,28.7401,0.133711
2026-01-28,FAC-CN-03,Industrial Drives Campus,Shenzhen-CN,Machining,4249.43,424.69,1962.25,961.84,1476.38,196.89,9.9,4.376,2.561083,1.342083,26.094574,25.622047,0.130131
2026-01-29,FAC-CN-03,Industrial Drives Campus,Shenzhen-CN,Machining,3678.2,484.9,1714.83,963.68,1486.52,212.57,10.56,4.252,2.7313,1.152679,27.987615,27.619301,0.129933
2026-01-30,FAC-CN-03,Industrial Drives Campus,Shenzhen-CN,Machining,4316.34,423.86,1692.34,937.98,1497.71,229.98,8.27,3.236,2.57223,1.52866,28.807487,29.672713,0.129024
2026-01-31,FAC-CN-03,Industrial Drives Campus,Shenzhen-CN,Machining,2362.47,292.98,719.45,682.99,1011.71,135.4,6.97,4.445,1.764792,0.950438,18.342877,16.613494,0.122701
2026-02-01,FAC-CN-03,Industrial Drives Campus,Shenzhen-CN,Machining,2348.03,254.33,1134.52,603.57,938.31,132.39,6.29,3.514,1.584461,0.713923,17.700537,16.484709,0.124513
2026-02-02,FAC-CN-03,Industrial Drives Campus,Shenzhen-CN,Machining,3757.02,475.87,1697.47,858.29,1694.8,238.15,12.68,4.067,2.862029,1.207146,31.453915,31.455824,0.132082
2026-02-03,FAC-CN-03,Industrial Drives Campus,Shenzhen-CN,Machining,4487.83,507.66,1721.38,768.54,1543.6,211.32,8.24,4.63,2.803177,1.61041,26.766771,26.550084,0.125638
2026-02-04,FAC-CN-03,Industrial Drives Campus,Shenzhen-CN,Machining,4197.35,489.93,1328.46,999.17,1383.96,187.58,9.61,3.956,2.665396,1.661,25.035573,25.40568,0.135436
2026-02-05,FAC-CN-03,Industrial Drives Campus,Shenzhen-CN,Machining,4344.17,462.76,1669.08,863.83,1474.05,208.12,9.07,2.377,2.642531,1.557315,26.841209,28.664358,0.137732
2026-02-06,FAC-CN-03,Industrial Drives Campus,Shenzhen-CN,Machining,4237.68,537.68,1908.3,808.69,1227.81,178.77,7.16,4.4,2.625992,1.36507,22.980167,22.571497,0.126257
2026-02-07,FAC-CN-03,Industrial Drives Campus,Shenzhen-CN,Machining,3129.01,271.28,1376.39,481.53,870.0,111.39,6.86,3.834,1.549317,1.025895,15.694427,14.435529,0.12959
2026-02-08,FAC-CN-03,Industrial Drives Campus,Shenzhen-CN,Machining,3200.12,310.73,1547.65,664.33,677.13,88.5,4.43,3.678,1.527783,0.972221,12.425312,11.246985,0.12708
2026-02-09,FAC-CN-03,Industrial Drives Campus,Shenzhen-CN,Machining,5156.56,469.77,2635.6,773.74,1368.36,187.24,9.48,4.132,2.555409,1.488628,24.804612,24.716287,0.132004
2026-02-10,FAC-CN-03,Industrial Drives Campus,Shenzhen-CN,Machining,5547.81,437.69,2748.85,938.67,1134.27,171.57,6.91,2.874,2.304151,1.649276,22.209624,23.288717,0.135741
2026-02-11,FAC-CN-03,Industrial Drives Campus,Shenzhen-CN,Machining,5489.22,486.16,2283.32,1082.96,1566.13,231.71,10.25,4.461,2.824219,1.871933,29.907082,30.141871,0.130083
2026-02-12,FAC-CN-03,Industrial Drives Campus,Shenzhen-CN,Machining,5217.66,454.33,1709.27,986.66,1752.83,236.21,9.8,3.142,2.877444,2.032927,30.123429,31.891745,0.135012
2026-02-13,FAC-CN-03,Industrial Drives Campus,Shenzhen-CN,Machining,5293.51,475.99,3277.24,930.6,1438.25,213.38,14.58,4.292,2.6606,1.21376,29.74264,29.325076,0.137428
2026-02-14,FAC-CN-03,Industrial Drives Campus,Shenzhen-CN,Machining,3329.79,339.48,1123.61,572.76,900.98,134.08,6.05,2.361,1.775463,1.279325,17.755039,18.44894,0.137595
2026-02-15,FAC-CN-03,Industrial Drives Campus,Shenzhen-CN,Machining,2752.81,280.79,1123.53,520.5,890.95,130.32,5.52,4.863,1.599803,0.950609,17.108595,14.795701,0.113533
2026-02-16,FAC-CN-03,Industrial Drives Campus,Shenzhen-CN,Machining,4223.85,475.06,2265.69,897.79,1638.37,243.59,13.49,4.846,2.819973,1.160619,32.381144,31.515302,0.129378
2026-02-17,FAC-CN-03,Industrial Drives Campus,Shenzhen-CN,Machining,4310.94,448.27,1742.63,922.7,1145.33,183.68,8.83,5.646,2.338747,1.497924,24.256227,22.447244,0.122207
2026-02-18,FAC-CN-03,Industrial Drives Campus,Shenzhen-CN,Machining,4007.85,492.84,1965.87,896.14,1394.26,203.98,10.48,3.753,2.662258,1.202447,27.027989,27.139557,0.13305
2026-02-19,FAC-CN-03,Industrial Drives Campus,Shenzhen-CN,Machining,4465.57,430.51,2286.72,882.86,1442.22,184.38,11.99,4.657,2.532985,1.286782,25.630217,24.793424,0.134468
2026-02-20,FAC-CN-03,Industrial Drives Campus,Shenzhen-CN,Machining,4585.6,399.02,2003.0,919.51,1380.53,211.68,11.07,5.639,2.403725,1.511226,28.0826,26.358068,0.124521
2026-02-21,FAC-CN-03,Industrial Drives Campus,Shenzhen-CN,Machining,2479.43,214.76,878.47,401.97,922.12,117.75,7.25,3.669,1.426497,0.929623,16.465398,15.152376,0.128679
2026-02-22,FAC-CN-03,Industrial Drives Campus,Shenzhen-CN,Machining,2659.89,365.73,1189.9,608.62,704.44,113.5,7.32,2.36,1.687537,0.861158,16.182647,16.371459,0.144247
2026-02-23,FAC-CN-03,Industrial Drives Campus,Shenzhen-CN,Machining,4761.79,432.28,2151.89,801.01,1251.53,188.83,10.84,4.156,2.361992,1.529733,25.556307,25.292049,0.133943
2026-02-24,FAC-CN-03,Industrial Drives Campus,Shenzhen-CN,Machining,5429.08,514.51,2541.27,837.76,1545.76,218.92,9.64,4.91,2.836491,1.695791,28.180073,27.802494,0.126998
2026-02-25,FAC-CN-03,Industrial Drives Campus,Shenzhen-CN,Machining,5342.37,529.15,2388.29,911.93,1601.98,234.0,12.72,4.984,2.937053,1.730521,31.077874,30.761614,0.131462
2026-02-26,FAC-CN-03,Industrial Drives Campus,Shenzhen-CN,Machining,4512.57,444.84,1631.16,807.86,1897.48,265.99,12.13,5.177,2.939546,1.674123,34.063542,33.499754,0.125944
2026-02-27,FAC-CN-03,Industrial Drives Campus,Shenzhen-CN,Machining,4498.01,504.33,2077.49,831.73,1600.02,225.87,11.01,4.193,2.853638,1.420345,29.46779,29.549235,0.130824
2026-02-28,FAC-CN-03,Industrial Drives Campus,Shenzhen-CN,Machining,2860.7,340.15,1180.41,603.14,1140.48,145.54,2.84,3.386,1.984202,0.980805,17.605832,17.185202,0.118081
2026-03-01,FAC-CN-03,Industrial Drives Campus,Shenzhen-CN,Machining,2095.82,306.79,1191.96,389.71,1210.15,162.97,6.9,3.174,1.912764,0.53862,20.978183,20.255222,0.124284
2026-03-02,FAC-CN-03,Industrial Drives Campus,Shenzhen-CN,Machining,4269.36,579.21,1593.54,1008.63,1695.72,244.05,11.43,3.909,3.168331,1.556236,31.632617,32.448432,0.132959
2026-03-03,FAC-CN-03,Industrial Drives Campus,Shenzhen-CN,Machining,5224.13,546.21,1818.39,899.62,1681.02,235.3,12.82,3.854,3.04682,1.976595,31.246653,32.416518,0.137765
2026-03-04,FAC-CN-03,Industrial Drives Campus,Shenzhen-CN,Machining,5415.95,586.61,2974.48,914.41,1080.64,152.5,9.75,5.124,2.6536,1.450048,21.418841,20.398618,0.133758
2026-03-05,FAC-CN-03,Industrial Drives Campus,Shenzhen-CN,Machining,4998.6,498.52,2081.93,788.75,1337.02,192.82,12.3,4.07,2.608981,1.703144,26.572609,26.815041,0.139071
2026-03-06,FAC-CN-03,Industrial Drives Campus,Shenzhen-CN,Machining,5027.18,462.86,2255.91,846.85,1129.77,156.89,8.46,4.488,2.350363,1.623737,21.288202,20.77473,0.13242
2026-03-07,FAC-CN-03,Industrial Drives Campus,Shenzhen-CN,Machining,3106.58,288.41,1237.02,568.66,902.17,119.59,5.12,3.301,1.638816,1.089772,15.865879,15.293155,0.127885
2026-03-08,FAC-CN-03,Industrial Drives Campus,Shenzhen-CN,Machining,3443.31,289.1,1161.51,462.25,942.12,143.02,5.48,3.255,1.653984,1.323167,18.367885,18.089908,0.126483
2026-03-09,FAC-CN-03,Industrial Drives Campus,Shenzhen-CN,Machining,5740.72,537.8,3211.29,912.87,1697.89,233.21,12.12,3.892,3.040963,1.504855,30.745991,31.400289,0.134642
2026-03-10,FAC-CN-03,Industrial Drives Campus,Shenzhen-CN,Machining,5719.87,497.9,2007.77,983.7,1383.3,185.99,10.07,3.284,2.683233,2.154903,25.053909,26.608109,0.143064
2026-03-11,FAC-CN-03,Industrial Drives Campus,Shenzhen-CN,Machining,5475.94,399.36,2025.39,965.62,1455.49,227.41,9.29,5.65,2.476365,2.006226,28.990411,27.822811,0.122346
2026-03-12,FAC-CN-03,Industrial Drives Campus,Shenzhen-CN,Machining,4310.59,492.01,1954.23,833.28,1387.88,204.7,11.64,3.999,2.642738,1.381351,27.551991,27.576902,0.13472
2026-03-13,FAC-CN-03,Industrial Drives Campus,Shenzhen-CN,Machining,3896.26,527.44,1563.19,859.39,1538.93,230.7,12.38,4.538,2.869518,1.360337,30.559407,30.251064,0.131127
2026-03-14,FAC-CN-03,Industrial Drives Campus,Shenzhen-CN,Machining,2603.85,376.39,1318.86,678.81,954.83,149.3,11.77,2.897,1.939763,0.7583,21.792619,21.593695,0.144633
2026-03-15,FAC-CN-03,Industrial Drives Campus,Shenzhen-CN,Machining,2815.01,319.35,1234.03,691.56,888.99,118.25,4.82,3.98,1.734001,0.92528,15.67875,14.358256,0.121419
2026-03-16,FAC-CN-03,Industrial Drives Campus,Shenzhen-CN,Machining,4678.54,525.64,2504.03,988.72,1620.01,235.89,10.27,4.789,2.95738,1.288614,30.290989,29.747777,0.126111
2026-03-17,FAC-CN-03,Industrial Drives Campus,Shenzhen-CN,Machining,4727.65,471.7,1771.66,886.48,1497.3,198.74,11.26,4.164,2.690317,1.719402,26.809417,27.054742,0.136132
2026-03-18,FAC-CN-03,Industrial Drives Campus,Shenzhen-CN,Machining,4819.45,522.51,1459.22,1022.21,1539.72,201.39,11.47,3.397,2.887923,1.943552,27.254972,28.689626,0.142455
2026-03-19,FAC-CN-03,Industrial Drives Campus,Shenzhen-CN,Machining,7120.03,647.9,1818.31,789.54,1166.74,177.8,9.62,3.825,2.866457,3.056924,23.898153,25.996762,0.146217
2026-03-20,FAC-CN-03,Industrial Drives Campus,Shenzhen-CN,Machining,4392.12,477.1,2047.77,940.55,1206.77,169.05,8.33,4.252,2.471011,1.376356,22.548358,22.143626,0.130991
2026-03-21,FAC-CN-03,Industrial Drives Campus,Shenzhen-CN,Machining,2632.13,250.6,774.52,466.67,673.29,97.31,6.58,3.723,1.325843,1.073803,14.11547,12.791681,0.131459
2026-03-22,FAC-CN-03,Industrial Drives Campus,Shenzhen-CN,Machining,2527.66,379.4,1170.91,565.66,800.32,118.96,4.48,4.106,1.796529,0.796261,15.528313,14.014956,0.117815
2026-03-23,FAC-CN-03,Industrial Drives Campus,Shenzhen-CN,Machining,4614.86,414.33,1653.43,968.21,1167.76,179.19,10.05,4.927,2.275274,1.720158,24.335997,23.404613,0.13061
2026-03-24,FAC-CN-03,Industrial Drives Campus,Shenzhen-CN,Machining,4495.39,467.94,2470.65,1068.87,1364.07,196.24,8.77,4.515,2.602973,1.202618,25.617568,24.907743,0.126925
2026-03-25,FAC-CN-03,Industrial Drives Campus,Shenzhen-CN,Machining,4719.2,505.48,2397.56,984.07,1592.13,221.74,12.5,3.992,2.87905,1.370345,29.763425,30.02086,0.13539
2026-03-26,FAC-CN-03,Industrial Drives Campus,Shenzhen-CN,Machining,4498.36,525.2,2788.98,862.01,1598.23,206.86,8.02,4.369,2.913829,1.029225,26.269521,25.844073,0.124935
2026-03-27,FAC-CN-03,Industrial Drives Campus,Shenzhen-CN,Machining,5400.25,481.2,2091.34,876.19,1607.38,238.27,10.72,3.031,2.806299,1.926825,30.656451,32.358283,0.135804
2026-03-28,FAC-CN-03,Industrial Drives Campus,Shenzhen-CN,Machining,3424.7,273.24,1760.57,464.46,984.69,125.9,4.87,4.217,1.647655,0.983081,16.344826,14.758372,0.117225
2026-03-29,FAC-CN-03,Industrial Drives Campus,Shenzhen-CN,Machining,3277.12,323.84,1518.02,687.9,913.62,123.47,6.56,4.54,1.766038,1.032391,16.942713,15.201032,0.12312
2026-03-30,FAC-CN-03,Industrial Drives Campus,Shenzhen-CN,Machining,5855.18,510.89,2772.92,978.88,1281.06,199.14,8.64,4.669,2.631277,1.81118,25.808158,25.581463,0.12846
2026-03-31,FAC-CN-03,Industrial Drives Campus,Shenzhen-CN,Machining,5703.11,480.55,2498.69,1038.21,1520.31,209.52,11.81,5.405,2.762198,1.87535,28.245941,27.478257,0.131149
2026-04-01,FAC-CN-03,Industrial Drives Campus,Shenzhen-CN,Machining,5641.53,500.82,2743.21,1021.54,1778.51,218.89,9.78,3.949,3.030246,1.705781,28.351253,29.13852,0.13312
2026-04-02,FAC-CN-03,Industrial Drives Campus,Shenzhen-CN,Machining,5609.9,457.62,2201.0,1009.38,1587.86,216.0,13.91,4.252,2.752,1.98597,29.778777,30.264677,0.140111
2026-04-03,FAC-CN-03,Industrial Drives Campus,Shenzhen-CN,Machining,5961.84,441.45,1851.28,949.44,1360.94,198.93,9.63,3.651,2.506672,2.378854,26.182993,27.417945,0.137825
2026-04-04,FAC-CN-03,Industrial Drives Campus,Shenzhen-CN,Machining,3232.93,320.42,1038.78,584.74,833.96,110.61,6.41,4.18,1.670357,1.270792,15.491505,14.252722,0.128851
2026-04-05,FAC-CN-03,Industrial Drives Campus,Shenzhen-CN,Machining,2539.94,315.46,970.85,657.65,959.21,129.8,6.37,3.663,1.776114,0.913295,17.499274,16.525251,0.127312
2026-04-06,FAC-CN-03,Industrial Drives Campus,Shenzhen-CN,Machining,4172.43,523.61,2037.67,1008.63,1513.98,200.64,11.7,2.75,2.866646,1.256734,27.266754,28.640405,0.142749
2026-04-07,FAC-CN-03,Industrial Drives Campus,Shenzhen-CN,Machining,4105.74,482.88,1406.61,1031.49,1529.06,210.97,11.16,5.423,2.774501,1.565817,28.119257,27.037045,0.128158
2026-04-08,FAC-CN-03,Industrial Drives Campus,Shenzhen-CN,Machining,4219.72,449.57,1289.51,935.08,1422.18,222.02,12.02,4.192,2.57715,1.695167,29.560682,29.640643,0.133503
2026-04-09,FAC-CN-03,Industrial Drives Campus,Shenzhen-CN,Machining,4471.19,460.42,2041.86,990.97,1445.82,213.36,11.78,5.425,2.636689,1.424663,28.60261,27.239132,0.127666
2026-04-10,FAC-CN-03,Industrial Drives Campus,Shenzhen-CN,Machining,4138.91,492.5,1741.06,847.5,1547.55,236.91,11.64,4.828,2.78087,1.400767,30.882508,30.236073,0.127624
2026-04-11,FAC-CN-03,Industrial Drives Campus,Shenzhen-CN,Machining,3042.44,391.5,1241.75,497.35,1153.07,158.01,7.78,5.118,2.112289,1.050622,20.902898,18.947346,0.119909
2026-04-12,FAC-CN-03,Industrial Drives Campus,Shenzhen-CN,Machining,2505.5,252.6,1075.38,495.01,1058.97,140.9,7.21,4.54,1.660555,0.836173,18.896134,16.852369,0.119604
2026-04-13,FAC-CN-03,Industrial Drives Campus,Shenzhen-CN,Machining,4749.62,400.77,1871.01,844.4,1306.67,201.96,8.33,4.596,2.33211,1.677279,25.882516,25.295979,0.125253
2026-04-14,FAC-CN-03,Industrial Drives Campus,Shenzhen-CN,Machining,4577.74,512.78,1588.59,792.89,1469.17,213.49,10.75,3.614,2.758998,1.734671,28.057188,28.937254,0.135542
2026-04-15,FAC-CN-03,Industrial Drives Campus,Shenzhen-CN,Machining,4427.84,502.51,1955.84,1010.99,1362.42,197.95,11.08,4.445,2.683249,1.447272,26.728998,26.414658,0.133444
2026-04-16,FAC-CN-03,Industrial Drives Campus,Shenzhen-CN,Machining,4462.55,575.14,1024.1,842.63,1293.32,191.87,9.41,2.787,2.787866,1.97951,25.294374,27.275101,0.142151
2026-04-17,FAC-CN-03,Industrial Drives Campus,Shenzhen-CN,Machining,4278.7,451.52,1477.19,964.35,1654.58,214.13,11.38,3.404,2.783143,1.625545,28.496739,29.501337,0.137773
2026-04-18,FAC-CN-03,Industrial Drives Campus,Shenzhen-CN,Machining,2811.06,299.85,955.94,585.33,987.79,137.09,7.04,3.825,1.744545,1.075974,18.489087,17.484219,0.127541
2026-04-19,FAC-CN-03,Industrial Drives Campus,Shenzhen-CN,Machining,3420.97,261.81,1401.14,478.99,1118.07,149.78,5.42,3.846,1.731851,1.178645,19.051051,18.11524,0.120946
2026-04-20,FAC-CN-03,Industrial Drives Campus,Shenzhen-CN,Machining,5565.06,571.55,2010.09,996.68,1399.76,203.25,11.54,4.098,2.896928,2.065421,27.458996,28.323022,0.139353
2026-04-21,FAC-CN-03,Industrial Drives Campus,Shenzhen-CN,Machining,5418.88,463.7,2633.46,918.6,1493.58,197.62,10.58,4.698,2.671843,1.639277,26.426525,26.040099,0.13177
2026-04-22,FAC-CN-03,Industrial Drives Campus,Shenzhen-CN,Machining,6071.12,382.27,2760.01,1042.39,1341.25,205.71,8.65,4.0,2.349182,1.941317,26.527163,26.818062,0.130369
2026-04-23,FAC-CN-03,Industrial Drives Campus,Shenzhen-CN,Machining,5441.1,413.7,2196.79,1021.81,1737.43,248.96,10.99,4.583,2.762307,1.892107,31.96044,32.031727,0.12866
2026-04-24,FAC-CN-03,Industrial Drives Campus,Shenzhen-CN,Machining,5521.43,515.12,2693.97,1060.21,1697.35,239.94,12.48,5.222,3.007731,1.664425,31.680129,31.130509,0.129745
2026-04-25,FAC-CN-03,Industrial Drives Campus,Shenzhen-CN,Machining,3327.16,308.28,1773.85,573.94,1197.91,164.15,7.23,2.83,1.941482,0.920197,21.354633,21.386065,0.130285
2026-04-26,FAC-CN-03,Industrial Drives Campus,Shenzhen-CN,Machining,3658.85,309.26,1119.64,629.63,1219.86,177.32,11.12,3.479,1.973127,1.469014,24.378992,24.342285,0.137276
2026-04-27,FAC-CN-03,Industrial Drives Campus,Shenzhen-CN,Machining,5331.95,558.6,2229.37,967.71,1620.38,235.55,12.41,4.917,3.042028,1.811991,31.141142,31.078429,0.131941
2026-04-28,FAC-CN-03,Industrial Drives Campus,Shenzhen-CN,Machining,5382.09,551.72,2777.65,865.32,1295.96,199.21,8.44,3.673,2.731617,1.539008,25.658134,26.25529,0.1318
2026-04-29,FAC-CN-03,Industrial Drives Campus,Shenzhen-CN,Machining,4358.04,495.81,1141.76,663.72,1368.09,191.03,12.06,2.912,2.604078,1.85524,26.21261,27.760336,0.145322
2026-04-30,FAC-CN-03,Industrial Drives Campus,Shenzhen-CN,Machining,4410.72,470.47,1880.19,945.6,1041.88,135.66,9.33,4.67,2.315717,1.479121,19.527388,18.652456,0.13749
2026-05-01,FAC-CN-03,Industrial Drives Campus,Shenzhen-CN,Machining,4405.76,488.15,1267.57,903.29,1097.83,160.46,10.39,3.754,2.402054,1.81324,22.501564,22.962893,0.14311
2026-05-02,FAC-CN-03,Industrial Drives Campus,Shenzhen-CN,Machining,2793.85,305.39,1173.7,503.77,598.05,86.62,3.63,3.493,1.41651,0.946403,11.794206,10.663877,0.123112
2026-05-03,FAC-CN-03,Industrial Drives Campus,Shenzhen-CN,Machining,2646.0,314.19,672.62,503.1,776.46,103.62,5.86,4.893,1.589855,1.137748,14.485097,12.31988,0.118898
2026-05-04,FAC-CN-03,Industrial Drives Campus,Shenzhen-CN,Machining,4685.83,516.7,1643.65,1005.09,1292.24,171.58,8.9,4.456,2.661219,1.765974,23.088676,23.059408,0.134394
2026-05-05,FAC-CN-03,Industrial Drives Campus,Shenzhen-CN,Machining,4515.44,507.06,1292.15,1063.56,1642.45,205.26,12.04,5.115,2.940649,1.862215,27.919206,27.606646,0.134496
2026-05-06,FAC-CN-03,Industrial Drives Campus,Shenzhen-CN,Machining,4587.22,486.41,2341.74,782.12,1594.81,227.11,11.93,3.725,2.791827,1.325843,29.952194,30.345339,0.133616
2026-05-07,FAC-CN-03,Industrial Drives Campus,Shenzhen-CN,Machining,4209.32,529.92,1068.53,1078.43,1515.81,204.76,8.57,4.019,2.898376,1.810778,26.418141,27.108469,0.13239
2026-05-08,FAC-CN-03,Industrial Drives Campus,Shenzhen-CN,Machining,4387.94,533.08,1245.03,988.22,1499.89,215.67,11.79,3.977,2.876327,1.815483,28.839768,29.554312,0.137036
2026-05-09,FAC-CN-03,Industrial Drives Campus,Shenzhen-CN,Machining,2218.19,359.02,842.78,540.5,1198.78,174.39,9.21,3.023,2.071857,0.800393,23.218779,23.067714,0.132279
2026-05-10,FAC-CN-03,Industrial Drives Campus,Shenzhen-CN,Machining,2424.32,208.95,800.05,519.26,960.39,130.66,6.18,3.412,1.465371,0.941354,17.422934,16.41788,0.125652
2026-05-11,FAC-CN-03,Industrial Drives Campus,Shenzhen-CN,Machining,4678.02,543.08,1321.6,767.47,1571.17,233.87,12.76,4.165,2.921041,1.938654,30.991853,31.686797,0.135492
2026-05-12,FAC-CN-03,Industrial Drives Campus,Shenzhen-CN,Machining,4499.45,523.17,1451.24,881.01,1425.02,209.05,8.11,4.554,2.766495,1.765604,26.548985,26.527371,0.126892
2026-05-13,FAC-CN-03,Industrial Drives Campus,Shenzhen-CN,Machining,4526.07,478.85,1886.35,932.87,1297.54,180.52,8.99,3.027,2.550506,1.541461,24.002169,25.067093,0.138863
2026-05-14,FAC-CN-03,Industrial Drives Campus,Shenzhen-CN,Machining,5209.33,501.96,1956.55,951.08,1536.8,213.52,12.25,3.527,2.816884,1.892174,28.788571,29.971039,0.140365
2026-05-15,FAC-CN-03,Industrial Drives Campus,Shenzhen-CN,Machining,5375.51,470.17,1793.16,920.93,1476.03,200.56,8.66,2.779,2.674908,2.076728,25.927286,27.900291,0.139111
2026-05-16,FAC-CN-03,Industrial Drives Campus,Shenzhen-CN,Machining,3470.39,364.79,1054.01,690.15,837.4,108.33,7.6,4.058,1.812185,1.39772,15.818997,14.970946,0.138197
2025-11-18,FAC-EU-04,Nordic Smart Factory,Nordics-EU,Robotics,6458.58,721.39,752.26,738.64,1333.52,166.92,8.88,3.386,3.193814,0.812639,22.433613,23.053806,0.138114
2025-11-19,FAC-EU-04,Nordic Smart Factory,Nordics-EU,Robotics,3885.19,499.72,689.16,835.16,1540.67,205.68,10.82,4.52,2.792083,0.46045,27.306656,26.039118,0.126602
2025-11-20,FAC-EU-04,Nordic Smart Factory,Nordics-EU,Robotics,3984.06,558.75,703.96,957.61,1624.72,203.93,13.77,3.84,3.044175,0.472497,28.441229,28.118313,0.137885
2025-11-21,FAC-EU-04,Nordic Smart Factory,Nordics-EU,Robotics,3296.41,544.53,793.56,1154.83,1767.96,249.98,13.53,3.892,3.163843,0.365611,33.218475,32.8563,0.131435
2025-11-22,FAC-EU-04,Nordic Smart Factory,Nordics-EU,Robotics,2245.77,342.29,572.45,531.65,1072.55,135.5,6.14,3.486,1.919301,0.245265,17.909478,16.58782,0.122423
2025-11-23,FAC-EU-04,Nordic Smart Factory,Nordics-EU,Robotics,2502.62,364.94,492.13,588.96,1298.73,161.23,9.01,5.108,2.180884,0.290811,21.807194,19.170774,0.118901
2025-11-24,FAC-EU-04,Nordic Smart Factory,Nordics-EU,Robotics,3271.5,509.64,763.64,955.05,1719.27,254.05,11.6,4.679,2.991485,0.365719,32.703353,31.381113,0.123522
2025-11-25,FAC-EU-04,Nordic Smart Factory,Nordics-EU,Robotics,3695.76,496.11,702.56,944.91,1817.05,221.39,12.26,3.985,3.035441,0.43236,29.601877,29.085133,0.131375
2025-11-26,FAC-EU-04,Nordic Smart Factory,Nordics-EU,Robotics,3616.0,562.65,1012.28,945.17,1868.04,225.25,12.22,3.391,3.256626,0.384044,29.983556,30.233442,0.134222
2025-11-27,FAC-EU-04,Nordic Smart Factory,Nordics-EU,Robotics,4645.9,575.99,1071.17,1059.22,1259.93,207.33,8.97,4.312,2.803249,0.520956,26.839173,25.851231,0.124686
2025-11-28,FAC-EU-04,Nordic Smart Factory,Nordics-EU,Robotics,4836.19,538.84,1437.07,967.89,1285.06,173.32,8.62,4.242,2.707445,0.503651,23.125705,22.095135,0.127479
2025-11-29,FAC-EU-04,Nordic Smart Factory,Nordics-EU,Robotics,2384.19,316.68,699.55,604.39,984.84,135.9,7.66,2.979,1.79081,0.249364,18.637175,17.698188,0.130231
2025-11-30,FAC-EU-04,Nordic Smart Factory,Nordics-EU,Robotics,2701.09,355.74,388.56,343.58,894.18,120.57,4.53,3.913,1.769772,0.330985,15.579528,13.767359,0.114182
2025-12-01,FAC-EU-04,Nordic Smart Factory,Nordics-EU,Robotics,4666.58,533.83,1231.19,1063.18,1460.46,198.0,10.83,5.199,2.859449,0.504645,26.660329,24.824999,0.125378
2025-12-02,FAC-EU-04,Nordic Smart Factory,Nordics-EU,Robotics,4959.69,519.58,1585.37,1058.99,1817.43,227.17,12.09,4.638,3.120316,0.50312,30.197552,29.182914,0.128462
2025-12-03,FAC-EU-04,Nordic Smart Factory,Nordics-EU,Robotics,4616.74,537.57,1331.75,1114.32,1752.71,224.98,10.49,4.267,3.124677,0.485611,29.333571,28.676812,0.127463
2025-12-04,FAC-EU-04,Nordic Smart Factory,Nordics-EU,Robotics,4585.86,559.89,1412.31,809.47,1582.78,230.07,14.59,4.113,2.983849,0.471627,31.392649,30.735557,0.133593
2025-12-05,FAC-EU-04,Nordic Smart Factory,Nordics-EU,Robotics,4651.01,467.43,1158.33,1008.4,2068.06,264.53,16.97,3.866,3.181474,0.511212,36.072702,35.899346,0.135712
2025-12-06,FAC-EU-04,Nordic Smart Factory,Nordics-EU,Robotics,1816.98,347.98,447.1,565.07,1081.97,150.44,10.24,5.014,1.948817,0.200363,21.198244,18.33357,0.121863
2025-12-07,FAC-EU-04,Nordic Smart Factory,Nordics-EU,Robotics,2281.54,403.73,600.61,618.01,995.52,126.75,5.65,4.858,2.035663,0.246886,16.85671,14.281587,0.112672
2025-12-08,FAC-EU-04,Nordic Smart Factory,Nordics-EU,Robotics,4099.9,514.12,1590.07,1009.75,1701.18,221.08,11.83,4.808,2.998681,0.382357,29.428875,28.002066,0.126658
2025-12-09,FAC-EU-04,Nordic Smart Factory,Nordics-EU,Robotics,3670.81,509.91,928.03,969.22,1646.56,214.8,13.3,2.848,2.933831,0.401815,29.372977,29.86018,0.139014
2025-12-10,FAC-EU-04,Nordic Smart Factory,Nordics-EU,Robotics,4057.93,496.46,1022.56,878.94,1636.51,206.07,9.54,3.987,2.872169,0.444592,26.838385,26.168061,0.126983
2025-12-11,FAC-EU-04,Nordic Smart Factory,Nordics-EU,Robotics,3548.69,526.56,1010.02,929.25,1383.77,183.02,10.42,3.603,2.750096,0.374906,24.861043,24.382594,0.133226
2025-12-12,FAC-EU-04,Nordic Smart Factory,Nordics-EU,Robotics,3583.19,545.3,987.78,807.87,1432.65,198.55,9.96,3.139,2.818314,0.382396,26.195414,26.257374,0.132249
2025-12-13,FAC-EU-04,Nordic Smart Factory,Nordics-EU,Robotics,2124.13,382.64,513.98,784.07,913.11,113.68,6.66,4.659,1.94145,0.235276,16.033797,13.551758,0.119212
2025-12-14,FAC-EU-04,Nordic Smart Factory,Nordics-EU,Robotics,2244.74,321.8,733.24,398.21,912.3,126.59,5.79,4.238,1.704425,0.225826,16.76253,14.454968,0.114184
2025-12-15,FAC-EU-04,Nordic Smart Factory,Nordics-EU,Robotics,3301.19,556.31,1050.73,1031.57,1514.11,195.39,14.07,3.289,2.958769,0.335419,27.734383,27.739267,0.141968
2025-12-16,FAC-EU-04,Nordic Smart Factory,Nordics-EU,Robotics,3965.91,537.65,1081.03,895.18,1799.28,238.97,12.5,3.64,3.122374,0.424711,31.485207,31.392344,0.131367
2025-12-17,FAC-EU-04,Nordic Smart Factory,Nordics-EU,Robotics,3508.06,582.93,1460.04,899.75,1804.94,226.37,10.95,2.727,3.249349,0.315222,29.540057,30.378071,0.134196
2025-12-18,FAC-EU-04,Nordic Smart Factory,Nordics-EU,Robotics,3899.66,567.09,1052.5,1138.77,2155.8,241.12,12.01,4.245,3.547043,0.418873,31.655478,31.376114,0.130126
2025-12-19,FAC-EU-04,Nordic Smart Factory,Nordics-EU,Robotics,4459.93,582.11,1324.46,970.83,1552.19,218.33,11.69,3.014,3.048359,0.464562,29.06511,29.563656,0.13541
2025-12-20,FAC-EU-04,Nordic Smart Factory,Nordics-EU,Robotics,2286.87,234.69,806.38,590.74,1201.4,137.55,6.22,4.142,1.750382,0.22294,18.193554,16.024783,0.116498
2025-12-21,FAC-EU-04,Nordic Smart Factory,Nordics-EU,Robotics,2270.97,306.16,585.33,672.87,1047.33,138.36,7.29,4.328,1.82811,0.247242,18.77679,16.524254,0.119426
2025-12-22,FAC-EU-04,Nordic Smart Factory,Nordics-EU,Robotics,4730.74,481.48,1861.94,943.77,1864.44,228.79,9.56,3.689,3.03582,0.437925,29.232565,29.017606,0.126831
2025-12-23,FAC-EU-04,Nordic Smart Factory,Nordics-EU,Robotics,4840.35,562.76,1529.3,882.54,1750.22,218.07,12.24,5.635,3.146063,0.493166,29.214228,27.218684,0.124816
2025-12-24,FAC-EU-04,Nordic Smart Factory,Nordics-EU,Robotics,4932.82,507.27,2263.43,935.94,1490.63,219.29,13.26,5.812,2.789436,0.417997,29.79841,27.193994,0.12401
2025-12-25,FAC-EU-04,Nordic Smart Factory,Nordics-EU,Robotics,4523.43,510.23,1982.35,916.93,1542.38,186.32,9.73,4.222,2.837238,0.394494,24.901806,23.911297,0.128332
2025-12-26,FAC-EU-04,Nordic Smart Factory,Nordics-EU,Robotics,4972.5,611.15,1321.69,805.61,1761.14,219.09,12.71,3.677,3.270311,0.536552,29.468599,29.598054,0.135097
2025-12-27,FAC-EU-04,Nordic Smart Factory,Nordics-EU,Robotics,2737.45,342.52,1346.53,539.89,814.35,103.83,7.39,4.362,1.704575,0.221112,15.171575,12.73571,0.122664
2025-12-28,FAC-EU-04,Nordic Smart Factory,Nordics-EU,Robotics,3242.79,351.16,1170.32,586.26,952.89,133.48,5.55,4.394,1.852934,0.312904,17.49152,15.263809,0.114349
2025-12-29,FAC-EU-04,Nordic Smart Factory,Nordics-EU,Robotics,4871.15,587.08,1651.25,987.52,1477.42,191.3,10.1,4.123,3.00202,0.482837,25.616203,24.978022,0.130571
2025-12-30,FAC-EU-04,Nordic Smart Factory,Nordics-EU,Robotics,3973.03,542.52,887.8,995.41,1623.37,209.14,9.97,3.578,3.00672,0.448893,27.408462,27.285624,0.130466
2025-12-31,FAC-EU-04,Nordic Smart Factory,Nordics-EU,Robotics,3795.69,494.52,1011.9,963.15,1703.88,219.61,12.26,3.27,2.939582,0.409209,29.431175,29.510107,0.134374
2026-01-01,FAC-EU-04,Nordic Smart Factory,Nordics-EU,Robotics,3889.74,501.77,1271.29,916.49,1916.72,242.38,13.05,3.977,3.12893,0.391231,32.082058,31.625606,0.130478
2026-01-02,FAC-EU-04,Nordic Smart Factory,Nordics-EU,Robotics,4619.31,452.16,867.44,915.09,1707.07,222.42,14.69,4.318,2.819586,0.541687,30.712117,29.755515,0.133779
2026-01-03,FAC-EU-04,Nordic Smart Factory,Nordics-EU,Robotics,2677.0,248.94,1014.76,619.58,1186.93,154.49,11.52,3.391,1.781887,0.252473,22.184787,20.827679,0.134817
2026-01-04,FAC-EU-04,Nordic Smart Factory,Nordics-EU,Robotics,2137.37,342.88,1061.28,671.97,1332.37,168.61,10.2,4.066,2.165786,0.171451,23.123476,21.395056,0.126888
2026-01-05,FAC-EU-04,Nordic Smart Factory,Nordics-EU,Robotics,3947.7,538.34,1243.94,817.53,1644.85,214.66,13.15,5.025,2.97976,0.402616,29.203085,27.560207,0.128392
2026-01-06,FAC-EU-04,Nordic Smart Factory,Nordics-EU,Robotics,4034.73,531.93,1478.34,997.64,1889.24,238.91,13.59,3.085,3.202076,0.386654,32.000461,32.504129,0.136054
2026-01-07,FAC-EU-04,Nordic Smart Factory,Nordics-EU,Robotics,4124.81,545.75,1898.89,938.84,1935.44,228.85,11.06,2.986,3.266757,0.348782,29.867082,30.496507,0.133257
2026-01-08,FAC-EU-04,Nordic Smart Factory,Nordics-EU,Robotics,4079.98,517.09,1424.61,781.78,1946.16,230.99,13.67,4.547,3.169106,0.399427,31.082801,30.104333,0.130329
2026-01-09,FAC-EU-04,Nordic Smart Factory,Nordics-EU,Robotics,3814.79,592.27,1611.44,763.89,1609.3,204.92,12.29,4.298,3.08423,0.339935,27.804851,26.930974,0.131423
2026-01-10,FAC-EU-04,Nordic Smart Factory,Nordics-EU,Robotics,2468.98,353.24,867.52,548.76,808.03,101.91,4.87,3.491,1.7297,0.241061,13.921565,12.401314,0.121694
2026-01-11,FAC-EU-04,Nordic Smart Factory,Nordics-EU,Robotics,2477.56,278.53,1072.28,733.52,984.11,141.97,7.93,3.813,1.712486,0.217689,19.456465,17.574075,0.123785
2026-01-12,FAC-EU-04,Nordic Smart Factory,Nordics-EU,Robotics,4004.35,621.67,1967.29,941.03,1412.96,190.31,7.82,5.737,3.031742,0.323734,24.527413,22.145672,0.116363
2026-01-13,FAC-EU-04,Nordic Smart Factory,Nordics-EU,Robotics,3863.71,576.45,1557.23,1099.42,1679.08,196.07,11.82,3.81,3.164189,0.353279,26.899483,26.606812,0.135702
2026-01-14,FAC-EU-04,Nordic Smart Factory,Nordics-EU,Robotics,5074.56,586.38,2340.16,1017.85,1445.12,214.64,10.99,5.686,2.978796,0.428605,28.41787,26.139434,0.121781
2026-01-15,FAC-EU-04,Nordic Smart Factory,Nordics-EU,Robotics,5112.85,540.09,3154.89,1090.44,1900.05,225.86,13.46,4.512,3.250651,0.336189,30.657495,29.732302,0.131642
2026-01-16,FAC-EU-04,Nordic Smart Factory,Nordics-EU,Robotics,4940.65,570.05,2235.38,1067.83,1413.26,199.4,11.22,2.837,2.917759,0.422457,26.974614,27.478089,0.137804
2026-01-17,FAC-EU-04,Nordic Smart Factory,Nordics-EU,Robotics,3327.1,373.67,760.04,761.4,924.15,133.18,6.95,5.237,1.922378,0.373923,18.154837,15.214256,0.114236
2026-01-18,FAC-EU-04,Nordic Smart Factory,Nordics-EU,Robotics,3304.43,275.18,1366.78,584.33,1265.38,154.99,8.63,4.692,1.911439,0.297945,21.001969,18.519086,0.119484
2026-01-19,FAC-EU-04,Nordic Smart Factory,Nordics-EU,Robotics,4981.2,496.03,1855.44,839.72,1666.42,219.95,11.75,3.566,2.888687,0.47372,29.176356,28.97256,0.131721
2026-01-20,FAC-EU-04,Nordic Smart Factory,Nordics-EU,Robotics,4981.12,565.84,2206.43,1112.26,1762.86,227.79,13.61,4.525,3.208585,0.431589,30.933095,30.048735,0.131916
2026-01-21,FAC-EU-04,Nordic Smart Factory,Nordics-EU,Robotics,5424.34,537.82,2957.09,1150.77,1429.93,178.72,12.61,4.633,2.861142,0.403473,25.474413,24.106439,0.134883
2026-01-22,FAC-EU-04,Nordic Smart Factory,Nordics-EU,Robotics,5246.58,552.34,1860.18,940.58,1372.05,179.14,9.71,3.541,2.811515,0.51025,24.167282,23.947955,0.133684
2026-01-23,FAC-EU-04,Nordic Smart Factory,Nordics-EU,Robotics,4502.37,483.08,1843.18,780.82,1343.27,180.55,10.3,3.369,2.571343,0.408249,24.462737,24.073092,0.133336
2026-01-24,FAC-EU-04,Nordic Smart Factory,Nordics-EU,Robotics,2744.15,376.16,1701.37,506.95,645.32,85.67,4.54,3.237,1.646484,0.179467,12.081222,10.670269,0.124545
2026-01-25,FAC-EU-04,Nordic Smart Factory,Nordics-EU,Robotics,2582.17,348.3,1242.47,535.15,747.56,95.66,5.98,3.277,1.663057,0.21189,13.736329,12.334302,0.128934
2026-01-26,FAC-EU-04,Nordic Smart Factory,Nordics-EU,Robotics,4385.91,561.66,2239.22,1068.46,1501.71,182.13,7.86,4.861,2.969683,0.344444,23.778473,22.231274,0.122063
2026-01-27,FAC-EU-04,Nordic Smart Factory,Nordics-EU,Robotics,4514.04,516.97,2417.16,1023.68,1895.91,238.94,12.28,4.705,3.172545,0.341003,31.470934,30.279365,0.126721
2026-01-28,FAC-EU-04,Nordic Smart Factory,Nordics-EU,Robotics,4049.09,590.73,1818.49,962.26,1675.74,202.49,13.2,3.517,3.173601,0.347844,28.058227,28.062813,0.138586
2026-01-29,FAC-EU-04,Nordic Smart Factory,Nordics-EU,Robotics,4142.71,575.73,2031.29,890.89,1869.26,233.63,10.98,5.334,3.282404,0.335396,30.292521,28.576251,0.122315
2026-01-30,FAC-EU-04,Nordic Smart Factory,Nordics-EU,Robotics,4231.18,573.83,1562.81,985.06,1296.94,196.54,8.9,3.727,2.814449,0.403981,25.653249,25.144807,0.12794
2026-01-31,FAC-EU-04,Nordic Smart Factory,Nordics-EU,Robotics,3048.01,400.95,1469.23,528.86,1324.31,170.38,9.53,3.294,2.287449,0.249805,22.934043,22.177547,0.130164
2026-02-01,FAC-EU-04,Nordic Smart Factory,Nordics-EU,Robotics,2577.32,359.21,1199.46,547.28,1026.02,139.67,5.01,4.449,1.928519,0.216375,17.876256,15.571705,0.111486
2026-02-02,FAC-EU-04,Nordic Smart Factory,Nordics-EU,Robotics,4298.46,521.12,2037.28,875.58,1642.81,224.6,11.85,4.568,2.942923,0.356451,29.718126,28.449105,0.126663
2026-02-03,FAC-EU-04,Nordic Smart Factory,Nordics-EU,Robotics,4209.83,525.07,1369.33,805.09,1489.28,204.35,11.97,4.253,2.811157,0.424214,27.637162,26.619442,0.130262
2026-02-04,FAC-EU-04,Nordic Smart Factory,Nordics-EU,Robotics,4271.8,490.38,2157.08,1002.13,1461.55,201.24,11.44,4.323,2.732331,0.338347,27.212279,25.960423,0.129003
2026-02-05,FAC-EU-04,Nordic Smart Factory,Nordics-EU,Robotics,4410.61,488.83,1687.03,918.86,1300.8,185.28,10.37,3.762,2.577317,0.414159,25.06808,24.297526,0.131137
2026-02-06,FAC-EU-04,Nordic Smart Factory,Nordics-EU,Robotics,4432.92,535.11,2072.6,936.02,1337.95,167.32,8.81,4.615,2.735815,0.371011,22.566437,21.057809,0.12585
2026-02-07,FAC-EU-04,Nordic Smart Factory,Nordics-EU,Robotics,3509.11,360.24,1491.83,572.06,705.91,97.42,3.66,4.002,1.66709,0.311554,12.967173,10.943848,0.112341
2026-02-08,FAC-EU-04,Nordic Smart Factory,Nordics-EU,Robotics,3071.39,383.07,1651.65,413.53,746.17,112.67,4.06,4.359,1.731976,0.231182,14.607924,12.212246,0.10839
2026-02-09,FAC-EU-04,Nordic Smart Factory,Nordics-EU,Robotics,5184.17,603.39,2143.0,917.75,2040.31,252.28,15.16,4.415,3.505324,0.467588,33.990465,33.548411,0.132978
2026-02-10,FAC-EU-04,Nordic Smart Factory,Nordics-EU,Robotics,5704.09,535.56,1868.34,905.71,1756.28,231.13,10.99,3.527,3.082649,0.57323,30.049774,30.178925,0.130569
2026-02-11,FAC-EU-04,Nordic Smart Factory,Nordics-EU,Robotics,5489.2,552.88,3027.83,1091.24,1859.52,227.47,14.08,1.979,3.251056,0.40405,31.084726,32.760677,0.144022
2026-02-12,FAC-EU-04,Nordic Smart Factory,Nordics-EU,Robotics,5613.5,519.66,1885.15,1022.5,1685.15,221.54,11.67,5.717,3.002484,0.558549,29.419223,27.263382,0.123063
2026-02-13,FAC-EU-04,Nordic Smart Factory,Nordics-EU,Robotics,5780.12,547.87,2535.08,930.06,1678.07,232.84,12.47,3.509,3.054598,0.503852,30.863886,30.913176,0.132764
2026-02-14,FAC-EU-04,Nordic Smart Factory,Nordics-EU,Robotics,3452.24,372.66,1409.15,502.84,1072.45,160.07,9.38,3.031,1.995142,0.313525,21.789663,21.067718,0.131613
2026-02-15,FAC-EU-04,Nordic Smart Factory,Nordics-EU,Robotics,3470.89,301.88,1810.0,516.35,998.71,120.87,4.66,4.978,1.74606,0.268031,15.769442,12.805597,0.105949
2026-02-16,FAC-EU-04,Nordic Smart Factory,Nordics-EU,Robotics,4262.4,504.71,1849.88,902.38,1760.36,234.2,11.87,2.998,3.002791,0.373898,30.733038,31.111587,0.13284
2026-02-17,FAC-EU-04,Nordic Smart Factory,Nordics-EU,Robotics,4299.86,536.48,2190.03,1215.48,1787.31,228.08,10.64,3.36,3.170054,0.338317,29.778172,29.926336,0.13121
2026-02-18,FAC-EU-04,Nordic Smart Factory,Nordics-EU,Robotics,4350.2,492.74,1366.08,963.69,1293.19,187.92,10.18,4.301,2.589932,0.444228,25.283931,24.017074,0.127808
2026-02-19,FAC-EU-04,Nordic Smart Factory,Nordics-EU,Robotics,4606.02,592.61,2089.42,1022.15,1325.45,176.97,9.49,4.785,2.895786,0.393191,23.904995,22.40851,0.12662
2026-02-20,FAC-EU-04,Nordic Smart Factory,Nordics-EU,Robotics,4062.65,518.17,2118.6,1064.39,1509.19,196.87,9.9,4.428,2.858649,0.313725,26.154277,24.898657,0.12647
2026-02-21,FAC-EU-04,Nordic Smart Factory,Nordics-EU,Robotics,2595.6,325.41,807.45,709.99,1193.31,143.77,9.34,2.186,2.009374,0.265971,20.219702,20.309394,0.141258
2026-02-22,FAC-EU-04,Nordic Smart Factory,Nordics-EU,Robotics,2665.42,287.64,1157.25,571.89,822.8,116.67,9.65,4.076,1.570692,0.233756,17.468986,15.197886,0.130264
2026-02-23,FAC-EU-04,Nordic Smart Factory,Nordics-EU,Robotics,5002.47,569.67,2627.84,1066.91,1507.47,194.73,10.03,4.058,2.995702,0.384005,25.992231,25.313911,0.129992
2026-02-24,FAC-EU-04,Nordic Smart Factory,Nordics-EU,Robotics,5211.22,518.59,2625.63,987.91,1596.68,201.5,10.43,5.422,2.918732,0.413453,26.805749,24.715711,0.122659
2026-02-25,FAC-EU-04,Nordic Smart Factory,Nordics-EU,Robotics,5408.68,551.22,2418.93,884.89,1686.86,234.03,13.2,5.269,3.062349,0.465863,31.263253,29.522653,0.126149
2026-02-26,FAC-EU-04,Nordic Smart Factory,Nordics-EU,Robotics,4633.07,508.19,1997.2,963.45,1794.48,231.3,11.73,3.902,3.052357,0.408039,30.415672,29.973674,0.129585
2026-02-27,FAC-EU-04,Nordic Smart Factory,Nordics-EU,Robotics,4563.16,555.76,1513.75,985.87,1777.57,231.53,11.92,4.4,3.169905,0.456279,30.53221,29.758283,0.12853
2026-02-28,FAC-EU-04,Nordic Smart Factory,Nordics-EU,Robotics,2623.26,277.13,1347.82,538.64,946.52,129.21,8.0,2.955,1.640116,0.204993,18.049842,16.940015,0.1311
2026-03-01,FAC-EU-04,Nordic Smart Factory,Nordics-EU,Robotics,2549.38,324.48,1484.88,549.9,1033.8,135.38,8.64,2.506,1.842477,0.178217,18.961268,18.476213,0.136477
2026-03-02,FAC-EU-04,Nordic Smart Factory,Nordics-EU,Robotics,4590.59,478.5,1834.46,898.52,1584.78,207.01,11.82,5.878,2.784328,0.42163,27.904432,25.232554,0.121891
2026-03-03,FAC-EU-04,Nordic Smart Factory,Nordics-EU,Robotics,5324.73,587.19,1881.55,881.69,1282.0,185.75,11.33,3.737,2.818082,0.518611,25.496452,25.095813,0.135104
2026-03-04,FAC-EU-04,Nordic Smart Factory,Nordics-EU,Robotics,5738.93,583.63,2278.21,1035.76,1851.51,224.13,11.72,4.24,3.316205,0.528917,29.7159,29.321163,0.130825
2026-03-05,FAC-EU-04,Nordic Smart Factory,Nordics-EU,Robotics,5961.17,505.16,2804.03,868.08,1537.89,221.56,10.77,4.548,2.810598,0.496887,28.948661,27.707798,0.125058
2026-03-06,FAC-EU-04,Nordic Smart Factory,Nordics-EU,Robotics,5874.11,507.36,1429.53,901.11,1325.21,168.62,9.99,3.156,2.644107,0.649658,23.175348,23.312659,0.138254
2026-03-07,FAC-EU-04,Nordic Smart Factory,Nordics-EU,Robotics,3288.1,282.03,1554.44,608.17,1005.71,121.96,9.55,5.062,1.716177,0.273143,17.995161,14.92201,0.122348
2026-03-08,FAC-EU-04,Nordic Smart Factory,Nordics-EU,Robotics,3418.09,309.46,1280.12,439.34,747.46,102.37,7.18,5.866,1.540686,0.324235,14.874385,10.87301,0.106213
2026-03-09,FAC-EU-04,Nordic Smart Factory,Nordics-EU,Robotics,5768.78,472.29,2899.92,886.21,1683.87,211.87,11.3,4.459,2.848561,0.458484,28.182572,27.030357,0.127577
2026-03-10,FAC-EU-04,Nordic Smart Factory,Nordics-EU,Robotics,5268.18,506.87,2854.66,1013.03,1749.46,230.63,13.68,5.529,3.02043,0.393933,31.195021,29.080652,0.12609
2026-03-11,FAC-EU-04,Nordic Smart Factory,Nordics-EU,Robotics,5932.32,607.56,2898.48,914.8,1690.9,208.25,12.45,4.399,3.222423,0.481521,28.308236,27.612737,0.132594
2026-03-12,FAC-EU-04,Nordic Smart Factory,Nordics-EU,Robotics,4499.99,538.9,2342.99,972.06,1930.39,253.47,15.33,4.452,3.25046,0.347939,34.221174,33.367281,0.13164
2026-03-13,FAC-EU-04,Nordic Smart Factory,Nordics-EU,Robotics,4737.32,584.99,1792.4,1094.89,1960.74,250.89,14.34,3.611,3.42283,0.447188,33.613964,33.873171,0.13501
2026-03-14,FAC-EU-04,Nordic Smart Factory,Nordics-EU,Robotics,2482.17,406.66,1137.0,534.63,1348.61,172.28,8.44,4.546,2.324257,0.210568,22.675717,20.66459,0.119947
2026-03-15,FAC-EU-04,Nordic Smart Factory,Nordics-EU,Robotics,2753.63,341.49,1087.41,443.53,995.84,120.51,7.05,3.607,1.835959,0.254468,16.692299,15.175292,0.125926
2026-03-16,FAC-EU-04,Nordic Smart Factory,Nordics-EU,Robotics,4598.66,556.39,2141.96,1105.5,1939.03,253.27,12.41,4.509,3.329942,0.385857,33.053858,32.260214,0.127376
2026-03-17,FAC-EU-04,Nordic Smart Factory,Nordics-EU,Robotics,4601.43,507.04,1806.42,809.6,1738.33,222.81,11.06,3.784,2.972897,0.426509,29.162709,28.778039,0.129157
2026-03-18,FAC-EU-04,Nordic Smart Factory,Nordics-EU,Robotics,4869.7,527.6,1757.68,926.87,1665.86,213.22,10.25,3.636,2.989404,0.469862,27.903384,27.726662,0.130037
2026-03-19,FAC-EU-04,Nordic Smart Factory,Nordics-EU,Robotics,6926.58,732.93,1611.86,879.86,1511.99,202.62,12.92,4.076,3.401491,0.774912,27.902523,28.003241,0.138204
2026-03-20,FAC-EU-04,Nordic Smart Factory,Nordics-EU,Robotics,4503.26,551.39,1442.97,1053.85,1529.62,187.61,14.29,3.91,2.962843,0.456399,27.037495,26.546443,0.1415
2026-03-21,FAC-EU-04,Nordic Smart Factory,Nordics-EU,Robotics,2599.55,381.54,1532.12,683.11,954.04,121.48,6.48,2.154,1.953703,0.179562,16.702658,16.682418,0.137329
2026-03-22,FAC-EU-04,Nordic Smart Factory,Nordics-EU,Robotics,3025.2,299.73,1394.26,674.72,1107.29,143.44,8.15,3.241,1.86159,0.255612,19.666226,18.542603,0.129271
2026-03-23,FAC-EU-04,Nordic Smart Factory,Nordics-EU,Robotics,4601.43,496.61,1982.2,1118.44,1358.28,183.85,10.0,4.579,2.684372,0.405416,24.887472,23.397843,0.127263
2026-03-24,FAC-EU-04,Nordic Smart Factory,Nordics-EU,Robotics,4438.69,486.06,1879.19,1056.73,1880.12,241.76,13.49,4.556,3.082715,0.395026,32.291236,31.213047,0.12911
2026-03-25,FAC-EU-04,Nordic Smart Factory,Nordics-EU,Robotics,4599.92,517.36,1795.9,1055.12,2034.31,259.15,14.9,3.775,3.29582,0.427562,34.675822,34.624244,0.133606
2026-03-26,FAC-EU-04,Nordic Smart Factory,Nordics-EU,Robotics,4771.96,537.48,2121.01,1004.94,1904.66,245.29,12.79,4.179,3.231312,0.412599,32.329935,31.794349,0.129619
2026-03-27,FAC-EU-04,Nordic Smart Factory,Nordics-EU,Robotics,5929.58,613.14,2526.14,801.74,1605.6,209.57,12.33,4.039,3.144251,0.525819,28.32466,27.955633,0.133397
2026-03-28,FAC-EU-04,Nordic Smart Factory,Nordics-EU,Robotics,3656.18,326.42,1740.09,310.73,1202.43,157.77,8.79,3.686,1.943877,0.302323,21.18685,19.747539,0.125169
2026-03-29,FAC-EU-04,Nordic Smart Factory,Nordics-EU,Robotics,3714.32,407.98,1723.47,524.06,991.49,122.13,6.73,3.867,2.02582,0.312445,16.773929,15.245682,0.124836
2026-03-30,FAC-EU-04,Nordic Smart Factory,Nordics-EU,Robotics,5999.49,614.08,2333.52,964.02,1655.29,235.45,11.33,5.375,3.219344,0.558707,30.675015,29.077772,0.123498
2026-03-31,FAC-EU-04,Nordic Smart Factory,Nordics-EU,Robotics,5810.96,538.35,2545.66,1050.47,1512.75,205.3,9.72,2.765,2.913085,0.506894,26.939547,27.594543,0.134408
2026-04-01,FAC-EU-04,Nordic Smart Factory,Nordics-EU,Robotics,5726.41,511.73,3019.26,1054.42,1505.31,201.92,13.49,4.024,2.836234,0.438242,28.178568,27.42857,0.135841
2026-04-02,FAC-EU-04,Nordic Smart Factory,Nordics-EU,Robotics,5952.59,581.39,3106.12,842.17,1516.8,187.84,10.3,3.537,2.99225,0.459439,25.252584,25.167137,0.133981
2026-04-03,FAC-EU-04,Nordic Smart Factory,Nordics-EU,Robotics,5705.78,602.18,2061.49,1010.65,1457.75,180.02,8.65,3.068,3.03037,0.55029,23.85691,24.369253,0.135373
2026-04-04,FAC-EU-04,Nordic Smart Factory,Nordics-EU,Robotics,3597.23,366.62,1772.54,610.67,1001.04,125.99,7.02,4.448,1.939449,0.290188,17.349937,15.131465,0.120105
2026-04-05,FAC-EU-04,Nordic Smart Factory,Nordics-EU,Robotics,3180.35,265.73,1074.81,718.8,1156.72,156.55,8.41,3.603,1.820366,0.315636,21.153569,19.68683,0.125754
2026-04-06,FAC-EU-04,Nordic Smart Factory,Nordics-EU,Robotics,4530.14,463.09,1473.44,747.06,1492.82,209.94,13.24,3.409,2.636986,0.456501,28.708984,28.393275,0.135246
2026-04-07,FAC-EU-04,Nordic Smart Factory,Nordics-EU,Robotics,4897.54,518.35,2565.93,1026.35,1593.25,214.83,9.08,5.381,2.922508,0.376765,27.640449,25.559215,0.118972
2026-04-08,FAC-EU-04,Nordic Smart Factory,Nordics-EU,Robotics,4416.58,558.43,1914.95,977.31,1633.28,228.45,12.3,4.588,3.054229,0.387644,30.365852,29.219967,0.127907
2026-04-09,FAC-EU-04,Nordic Smart Factory,Nordics-EU,Robotics,4573.74,562.51,1503.36,1073.66,1822.13,249.02,14.38,5.01,3.242111,0.459006,33.423346,32.114029,0.128961
2026-04-10,FAC-EU-04,Nordic Smart Factory,Nordics-EU,Robotics,4946.55,606.76,2157.83,1084.04,1871.67,259.49,14.68,4.633,3.404281,0.432588,34.636432,33.84064,0.130412
2026-04-11,FAC-EU-04,Nordic Smart Factory,Nordics-EU,Robotics,2786.57,368.88,699.69,673.04,1108.11,136.75,9.39,3.353,2.047295,0.305601,19.495907,18.4958,0.135251
2026-04-12,FAC-EU-04,Nordic Smart Factory,Nordics-EU,Robotics,3234.73,303.73,1605.18,384.21,1070.71,143.1,6.36,4.264,1.786382,0.259593,18.697163,16.478776,0.115155
2026-04-13,FAC-EU-04,Nordic Smart Factory,Nordics-EU,Robotics,4270.12,488.7,1835.89,1185.74,1856.0,243.94,14.06,3.475,3.094053,0.376656,32.833324,32.828894,0.134577
2026-04-14,FAC-EU-04,Nordic Smart Factory,Nordics-EU,Robotics,4384.76,596.18,1444.65,859.05,1407.39,176.87,10.3,4.058,2.943195,0.439633,24.130897,23.455604,0.132616
2026-04-15,FAC-EU-04,Nordic Smart Factory,Nordics-EU,Robotics,4480.22,567.59,2158.05,975.79,1105.27,159.29,8.92,4.648,2.634971,0.367369,21.810733,20.165502,0.126593
2026-04-16,FAC-EU-04,Nordic Smart Factory,Nordics-EU,Robotics,4713.14,453.06,1626.89,904.44,1355.33,186.31,11.93,4.799,2.524532,0.46367,25.820333,24.009647,0.128868
2026-04-17,FAC-EU-04,Nordic Smart Factory,Nordics-EU,Robotics,4474.8,610.65,1989.53,875.29,1380.44,189.16,11.99,4.759,2.962412,0.386833,26.122244,24.712425,0.13064
2026-04-18,FAC-EU-04,Nordic Smart Factory,Nordics-EU,Robotics,3130.92,294.49,1383.82,621.36,833.66,109.95,8.35,4.608,1.607567,0.271644,16.259236,13.530518,0.123056
2026-04-19,FAC-EU-04,Nordic Smart Factory,Nordics-EU,Robotics,2883.44,274.4,1261.24,465.75,1006.07,129.64,7.68,3.748,1.668993,0.251756,17.911708,16.084305,0.124067
2026-04-20,FAC-EU-04,Nordic Smart Factory,Nordics-EU,Robotics,5483.12,549.12,2393.91,904.61,1204.68,168.08,9.6,4.422,2.655457,0.479271,22.959033,21.671558,0.128933
2026-04-21,FAC-EU-04,Nordic Smart Factory,Nordics-EU,Robotics,5618.2,556.13,2266.36,905.96,1769.92,212.39,10.83,4.623,3.149305,0.513461,28.050705,27.090681,0.127552
2026-04-22,FAC-EU-04,Nordic Smart Factory,Nordics-EU,Robotics,5494.3,576.1,2542.69,981.65,1445.85,198.54,11.39,3.811,2.944977,0.462981,26.902834,26.500273,0.133478
2026-04-23,FAC-EU-04,Nordic Smart Factory,Nordics-EU,Robotics,5097.67,507.54,1815.23,1078.87,1909.35,254.71,15.71,5.458,3.169041,0.494827,34.575349,32.780938,0.128697
2026-04-24,FAC-EU-04,Nordic Smart Factory,Nordics-EU,Robotics,5329.82,520.95,1728.41,998.37,1928.35,248.63,11.79,4.893,3.205651,0.537699,32.247521,31.097614,0.125078
2026-04-25,FAC-EU-04,Nordic Smart Factory,Nordics-EU,Robotics,3459.61,331.08,1393.77,737.84,1059.27,130.81,5.33,3.226,1.917261,0.316401,17.217108,16.225194,0.124038
2026-04-26,FAC-EU-04,Nordic Smart Factory,Nordics-EU,Robotics,3567.91,338.04,1534.89,707.39,1322.15,166.68,10.25,3.644,2.15097,0.314607,22.96481,21.786804,0.130713
2026-04-27,FAC-EU-04,Nordic Smart Factory,Nordics-EU,Robotics,5317.99,514.82,1905.33,892.42,1700.63,237.4,10.22,5.33,2.977805,0.514815,30.365618,28.528204,0.12017
2026-04-28,FAC-EU-04,Nordic Smart Factory,Nordics-EU,Robotics,5655.26,591.35,2348.23,1082.64,1562.65,211.43,11.87,3.8,3.103134,0.508819,28.495528,28.307903,0.133889
2026-04-29,FAC-EU-04,Nordic Smart Factory,Nordics-EU,Robotics,4557.8,580.64,2030.13,1032.68,1700.22,217.24,12.05,3.397,3.180511,0.393564,29.139093,29.316013,0.134947
2026-04-30,FAC-EU-04,Nordic Smart Factory,Nordics-EU,Robotics,4951.08,512.93,1661.15,1017.95,1675.94,200.99,9.58,2.305,2.975854,0.492824,26.414404,27.578215,0.137215
2026-05-01,FAC-EU-04,Nordic Smart Factory,Nordics-EU,Robotics,4565.12,531.7,1626.58,917.09,1305.69,179.01,8.67,4.511,2.695983,0.443014,23.702779,22.330627,0.124747
2026-05-02,FAC-EU-04,Nordic Smart Factory,Nordics-EU,Robotics,2431.31,356.78,1195.63,646.5,955.73,128.15,7.39,3.145,1.881831,0.196421,17.750324,16.683862,0.130189
2026-05-03,FAC-EU-04,Nordic Smart Factory,Nordics-EU,Robotics,3147.5,277.57,1081.18,569.12,1173.29,149.44,7.65,3.359,1.83759,0.310279,20.008804,18.797272,0.125785
2026-05-04,FAC-EU-04,Nordic Smart Factory,Nordics-EU,Robotics,4312.78,585.96,2013.71,1022.07,1503.8,206.95,11.65,5.272,3.027756,0.361281,27.903205,26.020277,0.125735
2026-05-05,FAC-EU-04,Nordic Smart Factory,Nordics-EU,Robotics,4565.28,624.93,2145.69,876.78,1369.06,177.58,11.21,5.404,2.991411,0.380743,24.598203,22.566229,0.127075
2026-05-06,FAC-EU-04,Nordic Smart Factory,Nordics-EU,Robotics,4026.85,565.84,1478.79,951.12,1438.08,193.35,12.4,5.344,2.905139,0.385499,26.772739,24.719791,0.127849
2026-05-07,FAC-EU-04,Nordic Smart Factory,Nordics-EU,Robotics,4540.06,621.51,1179.05,835.95,1596.85,224.79,11.09,3.198,3.16583,0.493214,29.39638,29.857514,0.132822
2026-05-08,FAC-EU-04,Nordic Smart Factory,Nordics-EU,Robotics,5052.3,528.29,1871.6,1027.29,1890.69,263.44,16.33,4.296,3.199181,0.48172,35.703733,35.088542,0.133195
2026-05-09,FAC-EU-04,Nordic Smart Factory,Nordics-EU,Robotics,2616.55,264.03,864.92,598.33,1250.92,156.64,6.01,3.098,1.872063,0.262004,20.079255,19.115386,0.122031
2026-05-10,FAC-EU-04,Nordic Smart Factory,Nordics-EU,Robotics,2703.52,334.89,911.06,622.18,1040.08,137.41,5.19,4.176,1.889382,0.268626,17.765483,15.747504,0.114602
2026-05-11,FAC-EU-04,Nordic Smart Factory,Nordics-EU,Robotics,4534.72,553.87,905.19,1005.11,1771.63,248.13,13.73,4.944,3.1635,0.52533,33.0152,31.760298,0.128
2026-05-12,FAC-EU-04,Nordic Smart Factory,Nordics-EU,Robotics,4495.37,535.98,1705.32,925.44,2005.9,244.37,14.76,4.75,3.297219,0.423815,33.012686,31.984149,0.130884
2026-05-13,FAC-EU-04,Nordic Smart Factory,Nordics-EU,Robotics,4809.23,485.29,2016.2,1060.3,1490.6,194.57,11.07,2.772,2.75413,0.430385,26.406829,26.819493,0.137838
2026-05-14,FAC-EU-04,Nordic Smart Factory,Nordics-EU,Robotics,5798.73,579.97,1576.5,842.88,1167.8,168.73,11.94,4.93,2.695428,0.621483,23.968539,22.355639,0.132497
2026-05-15,FAC-EU-04,Nordic Smart Factory,Nordics-EU,Robotics,5604.64,559.43,1534.29,1068.48,1389.12,187.76,10.99,2.831,2.869147,0.599413,25.674117,26.311744,0.140132
2026-05-16,FAC-EU-04,Nordic Smart Factory,Nordics-EU,Robotics,3676.18,321.87,1195.64,723.63,1105.72,150.27,8.77,3.792,1.928895,0.370453,20.658853,19.165706,0.127539
2025-11-18,FAC-IN-05,Process Controls Hub,TamilNadu-IN,Testing,5001.59,593.14,692.12,721.31,1231.68,157.37,10.28,2.933,2.761271,2.857096,22.023644,24.708864,0.157011
2025-11-19,FAC-IN-05,Process Controls Hub,TamilNadu-IN,Testing,3302.84,423.29,1132.59,796.44,1519.29,188.9,11.07,2.615,2.561953,1.454354,25.657962,27.059708,0.143249
2025-11-20,FAC-IN-05,Process Controls Hub,TamilNadu-IN,Testing,3283.14,412.59,724.4,813.06,1422.09,171.71,8.39,3.101,2.454766,1.702602,22.766751,23.823522,0.138742
2025-11-21,FAC-IN-05,Process Controls Hub,TamilNadu-IN,Testing,2924.38,395.43,608.0,703.81,1783.42,204.38,13.05,1.133,2.691554,1.540387,28.030357,31.129727,0.152315
2025-11-22,FAC-IN-05,Process Controls Hub,TamilNadu-IN,Testing,1122.21,314.2,458.28,421.25,1058.6,129.58,8.54,2.51,1.811308,0.447135,18.241181,17.989214,0.138827
2025-11-23,FAC-IN-05,Process Controls Hub,TamilNadu-IN,Testing,1627.95,344.78,385.17,273.27,977.9,120.1,5.11,2.729,1.797375,0.827613,15.729101,15.625094,0.130102
2025-11-24,FAC-IN-05,Process Controls Hub,TamilNadu-IN,Testing,3294.42,439.25,719.59,681.05,1368.76,160.62,8.73,2.49,2.456349,1.71312,21.683641,23.363079,0.145452
2025-11-25,FAC-IN-05,Process Controls Hub,TamilNadu-IN,Testing,2878.27,553.97,817.4,679.74,1539.16,198.46,10.55,4.017,2.906687,1.375946,26.354475,26.61981,0.134134
2025-11-26,FAC-IN-05,Process Controls Hub,TamilNadu-IN,Testing,2984.13,363.75,641.69,664.56,1196.91,145.07,10.2,4.023,2.106534,1.55825,20.6855,20.32765,0.140122
2025-11-27,FAC-IN-05,Process Controls Hub,TamilNadu-IN,Testing,3546.91,457.23,201.29,740.18,1244.64,155.93,8.23,3.502,2.411512,2.211431,21.027763,22.148863,0.142048
2025-11-28,FAC-IN-05,Process Controls Hub,TamilNadu-IN,Testing,3863.99,409.59,987.81,906.38,1324.34,166.02,9.03,2.016,2.382364,1.917265,22.506949,24.790561,0.149325
2025-11-29,FAC-IN-05,Process Controls Hub,TamilNadu-IN,Testing,2254.83,286.2,770.33,505.73,818.48,97.78,6.47,3.978,1.55062,0.994724,14.140437,12.707871,0.129965
2025-11-30,FAC-IN-05,Process Controls Hub,TamilNadu-IN,Testing,2160.95,312.29,505.87,404.82,869.35,107.93,5.34,4.631,1.644105,1.10204,14.652285,12.767117,0.118292
2025-12-01,FAC-IN-05,Process Controls Hub,TamilNadu-IN,Testing,3581.74,484.84,1196.67,733.14,1131.9,138.73,7.88,1.038,2.389472,1.597361,19.100127,22.048579,0.158933
2025-12-02,FAC-IN-05,Process Controls Hub,TamilNadu-IN,Testing,3759.93,451.49,818.26,974.09,1160.79,151.03,8.17,2.853,2.370131,1.957116,20.642121,22.115883,0.14643
2025-12-03,FAC-IN-05,Process Controls Hub,TamilNadu-IN,Testing,3234.45,469.89,554.9,714.47,984.0,137.4,9.21,3.723,2.221609,1.778952,19.510387,19.787873,0.144019
2025-12-04,FAC-IN-05,Process Controls Hub,TamilNadu-IN,Testing,3680.4,404.27,1235.75,762.02,1425.44,173.74,9.04,2.408,2.425585,1.637449,23.220084,24.875331,0.143175
2025-12-05,FAC-IN-05,Process Controls Hub,TamilNadu-IN,Testing,4017.25,454.88,1159.83,641.81,1532.15,191.41,10.97,2.896,2.628022,1.908287,25.777525,27.417761,0.14324
2025-12-06,FAC-IN-05,Process Controls Hub,TamilNadu-IN,Testing,1711.51,332.02,427.15,641.25,795.9,102.32,5.5,3.239,1.680214,0.855877,14.288696,13.585743,0.132779
2025-12-07,FAC-IN-05,Process Controls Hub,TamilNadu-IN,Testing,1545.22,302.55,389.18,309.31,1114.69,122.25,7.61,2.633,1.805956,0.770462,17.023034,16.966385,0.138783
2025-12-08,FAC-IN-05,Process Controls Hub,TamilNadu-IN,Testing,2538.78,441.64,1128.83,697.55,1520.95,170.66,11.48,3.029,2.593724,0.952634,23.884568,24.401931,0.142982
2025-12-09,FAC-IN-05,Process Controls Hub,TamilNadu-IN,Testing,2725.3,435.47,747.71,763.48,1487.14,172.64,12.92,1.288,2.561321,1.319614,24.734471,27.327726,0.158291
2025-12-10,FAC-IN-05,Process Controls Hub,TamilNadu-IN,Testing,3059.54,426.06,940.98,568.58,1714.55,198.01,10.11,3.628,2.690093,1.41646,26.051601,26.530405,0.133984
2025-12-11,FAC-IN-05,Process Controls Hub,TamilNadu-IN,Testing,2432.26,467.3,833.28,652.49,1206.99,141.86,10.87,3.454,2.390203,1.071508,20.628404,20.636205,0.145464
2025-12-12,FAC-IN-05,Process Controls Hub,TamilNadu-IN,Testing,2655.11,427.14,607.62,742.92,1245.61,153.28,8.73,4.961,2.332202,1.362966,20.965319,19.699725,0.128524
2025-12-13,FAC-IN-05,Process Controls Hub,TamilNadu-IN,Testing,1526.53,197.92,334.04,365.9,842.34,100.5,5.51,2.299,1.307516,0.79342,13.931195,13.733041,0.136651
2025-12-14,FAC-IN-05,Process Controls Hub,TamilNadu-IN,Testing,1898.17,275.56,659.5,453.45,776.86,103.2,3.48,2.344,1.477225,0.830332,13.413528,13.377239,0.129627
2025-12-15,FAC-IN-05,Process Controls Hub,TamilNadu-IN,Testing,2661.35,424.08,816.28,619.3,1146.76,142.01,8.82,2.66,2.217485,1.233538,19.762929,20.553678,0.14473
2025-12-16,FAC-IN-05,Process Controls Hub,TamilNadu-IN,Testing,2942.59,428.6,1043.34,773.92,1513.18,179.53,7.85,4.004,2.566778,1.273781,23.324988,23.161994,0.129012
2025-12-17,FAC-IN-05,Process Controls Hub,TamilNadu-IN,Testing,3032.05,425.88,429.72,583.8,1322.31,164.17,9.9,3.219,2.36301,1.725526,22.483396,23.35311,0.14225
2025-12-18,FAC-IN-05,Process Controls Hub,TamilNadu-IN,Testing,2584.35,384.88,1119.7,706.44,1403.76,180.62,9.77,2.058,2.344851,0.98855,24.202611,25.477755,0.141055
2025-12-19,FAC-IN-05,Process Controls Hub,TamilNadu-IN,Testing,3073.13,438.92,1037.39,650.31,1643.49,203.61,10.7,3.216,2.680394,1.363722,26.927853,27.7564,0.136321
2025-12-20,FAC-IN-05,Process Controls Hub,TamilNadu-IN,Testing,1740.66,302.42,638.01,529.18,1092.1,121.21,5.13,1.993,1.828384,0.740159,16.009499,16.585079,0.136829
2025-12-21,FAC-IN-05,Process Controls Hub,TamilNadu-IN,Testing,2209.6,252.29,463.62,532.19,759.26,89.86,7.58,3.59,1.41502,1.161176,13.805528,12.791443,0.142351
2025-12-22,FAC-IN-05,Process Controls Hub,TamilNadu-IN,Testing,3524.96,484.96,1097.96,813.98,1390.85,191.6,9.32,2.389,2.622666,1.623079,25.211414,27.067767,0.141269
2025-12-23,FAC-IN-05,Process Controls Hub,TamilNadu-IN,Testing,3979.6,460.26,1939.37,767.37,1343.08,149.31,9.4,3.969,2.507482,1.384546,20.85413,20.776662,0.13915
2025-12-24,FAC-IN-05,Process Controls Hub,TamilNadu-IN,Testing,3764.81,478.1,1707.31,744.39,1294.29,162.92,9.94,2.095,2.509944,1.391346,22.469242,24.275107,0.149001
2025-12-25,FAC-IN-05,Process Controls Hub,TamilNadu-IN,Testing,3716.8,393.36,1389.77,778.89,1293.09,157.62,9.25,3.589,2.288388,1.562892,21.656299,21.918165,0.139055
2025-12-26,FAC-IN-05,Process Controls Hub,TamilNadu-IN,Testing,3348.6,346.33,1296.75,790.26,1181.95,130.58,8.19,3.937,2.071162,1.379487,18.426841,17.940035,0.13739
2025-12-27,FAC-IN-05,Process Controls Hub,TamilNadu-IN,Testing,2550.64,236.95,1366.46,426.05,996.62,119.52,4.76,3.278,1.553148,0.808376,15.618807,14.701929,0.123012
2025-12-28,FAC-IN-05,Process Controls Hub,TamilNadu-IN,Testing,2618.73,310.64,1156.37,519.47,764.25,93.79,5.92,3.804,1.573181,0.987762,13.507629,12.264979,0.130776
2025-12-29,FAC-IN-05,Process Controls Hub,TamilNadu-IN,Testing,3560.4,442.02,1405.54,760.61,1507.13,174.42,9.9,2.562,2.595132,1.449607,23.649967,25.132458,0.144091
2025-12-30,FAC-IN-05,Process Controls Hub,TamilNadu-IN,Testing,2858.13,437.96,1172.25,682.89,1256.74,148.39,8.95,3.763,2.359132,1.135553,20.514518,20.246115,0.136436
2025-12-31,FAC-IN-05,Process Controls Hub,TamilNadu-IN,Testing,3456.5,460.66,1353.32,836.94,1850.97,212.84,12.01,2.298,2.948413,1.414472,28.547812,30.612643,0.143826
2026-01-01,FAC-IN-05,Process Controls Hub,TamilNadu-IN,Testing,3068.33,469.84,1274.24,673.85,1545.08,195.78,13.01,3.116,2.685081,1.208968,27.105436,27.883601,0.14242
2026-01-02,FAC-IN-05,Process Controls Hub,TamilNadu-IN,Testing,2957.53,422.45,1185.35,893.07,1442.78,170.0,7.91,3.392,2.513793,1.19275,22.438011,22.752835,0.133839
2026-01-03,FAC-IN-05,Process Controls Hub,TamilNadu-IN,Testing,2671.52,277.27,891.75,334.69,1191.81,142.36,9.04,3.312,1.807794,1.191949,19.715162,19.402584,0.136289
2026-01-04,FAC-IN-05,Process Controls Hub,TamilNadu-IN,Testing,2073.67,337.3,1078.66,489.36,747.0,92.24,6.68,3.051,1.624416,0.677869,13.647608,12.899124,0.139844
2026-01-05,FAC-IN-05,Process Controls Hub,TamilNadu-IN,Testing,2639.21,505.28,1282.12,725.42,992.36,127.85,7.09,2.22,2.325552,0.920795,17.642845,18.669643,0.146031
2026-01-06,FAC-IN-05,Process Controls Hub,TamilNadu-IN,Testing,3480.05,409.67,1143.85,615.76,1316.02,160.22,8.09,3.711,2.320355,1.56407,21.332813,21.506104,0.134229
2026-01-07,FAC-IN-05,Process Controls Hub,TamilNadu-IN,Testing,3473.53,466.88,1488.09,610.1,1225.15,150.66,9.28,3.609,2.396282,1.339458,20.843387,20.970603,0.139196
2026-01-08,FAC-IN-05,Process Controls Hub,TamilNadu-IN,Testing,3108.67,337.11,901.59,636.25,1335.76,155.73,10.27,4.004,2.146372,1.474083,21.800141,21.416846,0.137528
2026-01-09,FAC-IN-05,Process Controls Hub,TamilNadu-IN,Testing,3142.95,368.54,1216.73,752.75,1185.58,151.42,8.05,2.431,2.126604,1.295012,20.492489,21.483556,0.141883
2026-01-10,FAC-IN-05,Process Controls Hub,TamilNadu-IN,Testing,2140.18,232.47,967.37,478.56,719.88,89.01,2.42,3.869,1.318643,0.792975,11.516791,9.759039,0.109643
2026-01-11,FAC-IN-05,Process Controls Hub,TamilNadu-IN,Testing,2065.51,311.16,675.37,569.12,666.85,80.94,5.52,2.473,1.502208,0.930584,12.043043,12.003046,0.148298
2026-01-12,FAC-IN-05,Process Controls Hub,TamilNadu-IN,Testing,2847.4,498.8,1357.34,693.52,1224.85,150.5,7.91,2.233,2.497428,1.010016,20.305068,21.579984,0.143385
2026-01-13,FAC-IN-05,Process Controls Hub,TamilNadu-IN,Testing,2837.71,458.73,679.39,647.1,1260.14,155.52,5.42,3.068,2.410864,1.437509,19.747618,20.527767,0.13199
2026-01-14,FAC-IN-05,Process Controls Hub,TamilNadu-IN,Testing,3767.54,439.91,1757.33,763.63,1310.69,160.91,10.13,2.813,2.425022,1.361131,22.35455,23.327533,0.144971
2026-01-15,FAC-IN-05,Process Controls Hub,TamilNadu-IN,Testing,3872.92,419.47,1764.58,804.51,1504.98,180.04,9.77,4.031,2.541224,1.426022,24.201602,24.138188,0.13407
2026-01-16,FAC-IN-05,Process Controls Hub,TamilNadu-IN,Testing,3786.52,397.06,1275.8,764.72,1420.88,176.88,9.97,3.929,2.402962,1.681836,23.934274,24.090001,0.136191
2026-01-17,FAC-IN-05,Process Controls Hub,TamilNadu-IN,Testing,2476.15,297.99,614.56,280.47,1003.5,129.99,7.41,4.198,1.694835,1.240444,17.723418,16.460677,0.126627
2026-01-18,FAC-IN-05,Process Controls Hub,TamilNadu-IN,Testing,2089.18,307.26,726.59,309.87,520.66,67.08,5.64,3.722,1.319685,0.91342,10.504258,9.014965,0.134383
2026-01-19,FAC-IN-05,Process Controls Hub,TamilNadu-IN,Testing,4216.78,404.6,1744.9,672.5,1273.25,162.43,8.04,3.808,2.281642,1.665498,21.574648,21.71348,0.133681
2026-01-20,FAC-IN-05,Process Controls Hub,TamilNadu-IN,Testing,3638.8,398.41,1681.93,730.18,1510.94,182.97,12.17,3.396,2.475667,1.324444,25.467837,25.872179,0.141401
2026-01-21,FAC-IN-05,Process Controls Hub,TamilNadu-IN,Testing,4386.41,492.81,2368.75,804.25,1341.74,160.69,11.74,4.291,2.600591,1.378151,23.032028,22.719759,0.14139
2026-01-22,FAC-IN-05,Process Controls Hub,TamilNadu-IN,Testing,4031.71,382.74,1796.19,684.7,1219.22,137.13,6.47,3.871,2.179985,1.510563,18.312479,18.132527,0.132231
2026-01-23,FAC-IN-05,Process Controls Hub,TamilNadu-IN,Testing,3445.22,410.46,1213.71,741.5,1184.73,151.15,11.05,3.365,2.236079,1.496384,21.719374,22.086488,0.146127
2026-01-24,FAC-IN-05,Process Controls Hub,TamilNadu-IN,Testing,1758.67,388.19,815.05,451.82,804.13,105.57,7.8,2.674,1.801658,0.638735,15.470686,15.23686,0.144327
2026-01-25,FAC-IN-05,Process Controls Hub,TamilNadu-IN,Testing,1732.37,299.68,560.28,380.27,536.42,69.39,3.56,3.288,1.325981,0.784444,9.911205,8.733308,0.125854
2026-01-26,FAC-IN-05,Process Controls Hub,TamilNadu-IN,Testing,3534.97,491.15,1389.52,665.85,1531.34,172.23,10.99,3.506,2.729113,1.443084,23.823393,24.489854,0.14219
2026-01-27,FAC-IN-05,Process Controls Hub,TamilNadu-IN,Testing,3481.23,417.9,1336.35,662.83,1068.99,136.2,8.7,3.613,2.143866,1.441653,19.139378,19.112079,0.140321
2026-01-28,FAC-IN-05,Process Controls Hub,TamilNadu-IN,Testing,3705.3,458.29,1196.84,617.16,1459.8,174.31,11.05,3.321,2.571695,1.678783,24.030743,24.959736,0.143195
2026-01-29,FAC-IN-05,Process Controls Hub,TamilNadu-IN,Testing,3404.25,383.13,1576.8,815.68,1686.87,189.36,12.7,3.163,2.598744,1.236968,26.402783,27.075454,0.142983
2026-01-30,FAC-IN-05,Process Controls Hub,TamilNadu-IN,Testing,3331.41,476.14,1731.6,866.56,1625.04,219.46,11.79,3.855,2.805727,1.089842,29.156315,29.196773,0.133041
2026-01-31,FAC-IN-05,Process Controls Hub,TamilNadu-IN,Testing,1946.44,250.91,1066.21,484.59,910.49,109.82,6.14,1.308,1.529314,0.601885,15.231701,16.055373,0.146197
2026-02-01,FAC-IN-05,Process Controls Hub,TamilNadu-IN,Testing,1976.6,243.75,1195.82,454.64,708.65,78.25,4.65,3.62,1.33489,0.538835,11.331133,9.584965,0.122494
2026-02-02,FAC-IN-05,Process Controls Hub,TamilNadu-IN,Testing,3094.96,422.8,1119.33,736.03,1394.47,178.98,9.83,3.389,2.444308,1.325688,24.074661,24.456024,0.136641
2026-02-03,FAC-IN-05,Process Controls Hub,TamilNadu-IN,Testing,3870.19,458.21,1450.27,648.3,1461.75,186.38,8.55,4.7,2.579051,1.625376,24.245816,23.750458,0.127429
2026-02-04,FAC-IN-05,Process Controls Hub,TamilNadu-IN,Testing,3541.86,339.89,1234.6,890.45,1098.36,148.54,7.28,4.191,2.002716,1.546776,19.960445,19.319138,0.130058
2026-02-05,FAC-IN-05,Process Controls Hub,TamilNadu-IN,Testing,3274.52,432.7,1771.47,808.79,1141.84,150.94,10.87,3.007,2.272446,1.026785,21.663639,21.955634,0.145459
2026-02-06,FAC-IN-05,Process Controls Hub,TamilNadu-IN,Testing,3154.27,432.82,1168.11,819.27,1191.47,148.73,9.01,2.824,2.316462,1.333601,20.662311,21.488832,0.144484
2026-02-07,FAC-IN-05,Process Controls Hub,TamilNadu-IN,Testing,2232.34,339.8,675.15,262.24,1014.53,114.05,6.68,3.343,1.812696,1.040806,15.758509,15.268766,0.133882
2026-02-08,FAC-IN-05,Process Controls Hub,TamilNadu-IN,Testing,2431.8,367.84,1165.1,566.56,767.61,98.4,7.52,2.262,1.738249,0.85884,14.684483,15.019641,0.152635
2026-02-09,FAC-IN-05,Process Controls Hub,TamilNadu-IN,Testing,4220.88,383.08,2271.88,831.27,1208.46,152.28,6.66,4.459,2.199709,1.330931,20.04621,19.118001,0.125545
2026-02-10,FAC-IN-05,Process Controls Hub,TamilNadu-IN,Testing,3713.97,369.52,1870.04,702.7,1197.71,157.3,8.11,4.365,2.129899,1.253654,21.094555,20.113555,0.127871
2026-02-11,FAC-IN-05,Process Controls Hub,TamilNadu-IN,Testing,3841.68,448.48,1623.94,858.79,1539.12,184.8,9.17,2.358,2.657956,1.495416,24.473938,26.269336,0.142151
2026-02-12,FAC-IN-05,Process Controls Hub,TamilNadu-IN,Testing,4395.52,417.24,1730.17,782.57,1585.97,192.2,7.61,3.218,2.599097,1.792855,24.53832,25.712301,0.133778
2026-02-13,FAC-IN-05,Process Controls Hub,TamilNadu-IN,Testing,3864.59,389.26,1979.5,757.61,1539.55,198.89,9.43,3.716,2.480385,1.282977,25.975214,26.022865,0.130839
2026-02-14,FAC-IN-05,Process Controls Hub,TamilNadu-IN,Testing,2987.3,204.68,1523.29,486.28,961.46,112.28,7.79,4.837,1.448574,0.996115,16.179624,13.787094,0.12279
2026-02-15,FAC-IN-05,Process Controls Hub,TamilNadu-IN,Testing,2457.62,384.22,1167.96,571.79,1148.8,146.91,6.5,1.956,2.103334,0.874049,19.265851,20.287422,0.138091
2026-02-16,FAC-IN-05,Process Controls Hub,TamilNadu-IN,Testing,3370.6,419.33,1450.19,659.28,1555.27,185.18,10.84,3.663,2.555486,1.295797,25.094055,25.282063,0.136528
2026-02-17,FAC-IN-05,Process Controls Hub,TamilNadu-IN,Testing,3832.34,493.59,2069.09,550.99,1153.2,135.32,5.95,3.92,2.396197,1.204362,17.823912,17.504841,0.129359
2026-02-18,FAC-IN-05,Process Controls Hub,TamilNadu-IN,Testing,3666.23,528.79,1849.0,751.58,1374.25,177.14,9.67,3.5,2.714315,1.235618,23.829107,24.278951,0.137061
2026-02-19,FAC-IN-05,Process Controls Hub,TamilNadu-IN,Testing,3160.1,444.31,1618.11,695.33,1266.26,164.43,9.0,3.633,2.386515,1.049445,22.201608,22.004873,0.133827
2026-02-20,FAC-IN-05,Process Controls Hub,TamilNadu-IN,Testing,3602.24,379.27,1147.08,643.39,1224.17,142.01,8.15,3.222,2.166997,1.642629,19.497597,20.085139,0.141438
2026-02-21,FAC-IN-05,Process Controls Hub,TamilNadu-IN,Testing,2282.27,211.93,924.62,424.49,749.81,100.87,5.83,2.486,1.278466,0.914084,14.143427,13.84973,0.137303
2026-02-22,FAC-IN-05,Process Controls Hub,TamilNadu-IN,Testing,2175.41,304.72,911.87,712.08,712.77,97.76,9.14,2.316,1.550664,0.85174,15.390244,15.476736,0.158315
2026-02-23,FAC-IN-05,Process Controls Hub,TamilNadu-IN,Testing,3826.67,455.12,1941.61,680.91,1036.24,131.83,6.68,3.996,2.219543,1.282209,17.854535,17.35986,0.131684
2026-02-24,FAC-IN-05,Process Controls Hub,TamilNadu-IN,Testing,4002.6,428.49,1579.71,529.03,1517.18,187.38,11.55,3.077,2.523283,1.629903,25.535958,26.612114,0.142023
2026-02-25,FAC-IN-05,Process Controls Hub,TamilNadu-IN,Testing,4339.31,462.86,2058.47,781.99,1344.81,164.29,11.49,2.476,2.518674,1.545652,23.286804,24.8749,0.151413
2026-02-26,FAC-IN-05,Process Controls Hub,TamilNadu-IN,Testing,2906.62,535.56,1208.89,621.09,1370.1,179.69,10.46,3.909,2.704201,1.1441,24.340492,24.280263,0.135124
2026-02-27,FAC-IN-05,Process Controls Hub,TamilNadu-IN,Testing,3329.2,442.8,1949.38,839.17,1735.08,196.31,10.16,2.331,2.80362,0.949004,26.067555,27.489674,0.14003
2026-02-28,FAC-IN-05,Process Controls Hub,TamilNadu-IN,Testing,2192.78,288.22,992.45,447.72,1092.12,123.77,3.06,4.144,1.774881,0.811624,15.355359,13.797483,0.111478
2026-03-01,FAC-IN-05,Process Controls Hub,TamilNadu-IN,Testing,2120.51,331.61,788.76,352.32,951.12,116.42,8.43,1.719,1.754602,0.894301,16.795164,17.725224,0.152257
2026-03-02,FAC-IN-05,Process Controls Hub,TamilNadu-IN,Testing,3548.79,424.48,1718.13,789.41,1537.89,179.06,10.1,5.097,2.579427,1.241893,24.231765,22.95627,0.128204
2026-03-03,FAC-IN-05,Process Controls Hub,TamilNadu-IN,Testing,4185.59,435.66,2286.14,652.39,1143.18,144.33,10.6,4.302,2.251803,1.298525,20.773244,20.021733,0.138717
2026-03-04,FAC-IN-05,Process Controls Hub,TamilNadu-IN,Testing,3904.4,456.47,2222.78,698.67,1076.23,139.54,5.3,2.583,2.260104,1.153544,18.07909,18.909485,0.135517
2026-03-05,FAC-IN-05,Process Controls Hub,TamilNadu-IN,Testing,4240.85,486.77,2465.84,683.41,1192.09,154.74,10.9,3.443,2.435739,1.219978,21.990615,22.203162,0.143491
2026-03-06,FAC-IN-05,Process Controls Hub,TamilNadu-IN,Testing,4387.66,353.58,1493.77,670.51,1693.78,193.1,11.0,1.336,2.497776,1.938969,25.984371,29.084658,0.150623
2026-03-07,FAC-IN-05,Process Controls Hub,TamilNadu-IN,Testing,2639.46,295.62,1475.52,443.26,652.07,78.97,7.75,4.176,1.424223,0.797188,12.701129,10.746312,0.136089
2026-03-08,FAC-IN-05,Process Controls Hub,TamilNadu-IN,Testing,2876.28,380.98,1552.39,482.58,631.99,79.24,5.16,2.979,1.643592,0.904237,11.662835,11.231479,0.141743
2026-03-09,FAC-IN-05,Process Controls Hub,TamilNadu-IN,Testing,4185.74,379.85,1886.63,812.67,1347.8,158.93,7.03,4.098,2.304569,1.554311,20.877401,20.638277,0.129861
2026-03-10,FAC-IN-05,Process Controls Hub,TamilNadu-IN,Testing,4722.46,494.33,2497.42,789.91,1183.77,154.7,6.18,3.863,2.46925,1.517531,20.07248,20.19598,0.130547
2026-03-11,FAC-IN-05,Process Controls Hub,TamilNadu-IN,Testing,4433.19,480.57,1458.58,783.14,1135.31,150.46,7.49,3.661,2.390372,1.991529,20.179913,20.900755,0.138912
2026-03-12,FAC-IN-05,Process Controls Hub,TamilNadu-IN,Testing,3568.53,452.7,1399.2,716.33,1546.07,196.18,9.56,3.33,2.648036,1.459031,25.724642,26.501385,0.135085
2026-03-13,FAC-IN-05,Process Controls Hub,TamilNadu-IN,Testing,3485.75,483.05,996.9,686.16,1381.23,169.33,12.05,4.372,2.585171,1.661882,23.982073,23.856648,0.140889
2026-03-14,FAC-IN-05,Process Controls Hub,TamilNadu-IN,Testing,1936.97,289.66,851.26,481.0,1031.56,126.04,8.56,3.596,1.734188,0.733207,17.918915,16.79073,0.13322
2026-03-15,FAC-IN-05,Process Controls Hub,TamilNadu-IN,Testing,2381.22,261.81,929.48,455.62,1110.63,133.7,7.17,3.093,1.721144,0.976259,18.111118,17.715559,0.132505
2026-03-16,FAC-IN-05,Process Controls Hub,TamilNadu-IN,Testing,3396.59,486.36,1624.55,896.22,1436.52,167.4,9.29,4.408,2.680398,1.201362,22.752501,22.226293,0.132776
2026-03-17,FAC-IN-05,Process Controls Hub,TamilNadu-IN,Testing,3627.11,420.63,1450.2,915.0,1102.9,139.04,8.52,3.791,2.227567,1.465042,19.513285,19.414951,0.139633
2026-03-18,FAC-IN-05,Process Controls Hub,TamilNadu-IN,Testing,3203.07,430.01,1505.56,727.19,1263.29,155.75,9.79,3.67,2.35175,1.149826,21.657473,21.488901,0.137968
2026-03-19,FAC-IN-05,Process Controls Hub,TamilNadu-IN,Testing,5556.2,485.42,2093.83,653.35,952.9,122.0,4.39,2.123,2.225491,2.325929,15.858866,18.287708,0.149903
2026-03-20,FAC-IN-05,Process Controls Hub,TamilNadu-IN,Testing,3809.66,403.44,1572.4,721.59,1069.71,128.24,8.22,3.403,2.116871,1.507282,18.15297,18.373827,0.143274
2026-03-21,FAC-IN-05,Process Controls Hub,TamilNadu-IN,Testing,2255.68,252.28,1073.48,379.22,1046.65,137.77,6.29,3.602,1.627339,0.801272,18.114738,16.941347,0.122972
2026-03-22,FAC-IN-05,Process Controls Hub,TamilNadu-IN,Testing,2041.94,323.82,841.68,438.11,777.04,95.5,6.02,3.463,1.603799,0.808598,13.674583,12.624457,0.132195
2026-03-23,FAC-IN-05,Process Controls Hub,TamilNadu-IN,Testing,2947.8,461.31,834.9,684.81,1136.13,142.6,5.98,2.422,2.320763,1.410623,18.670962,19.980722,0.140119
2026-03-24,FAC-IN-05,Process Controls Hub,TamilNadu-IN,Testing,3549.94,393.45,1249.3,910.14,1337.0,166.94,9.66,2.161,2.350451,1.542703,22.868974,24.600698,0.147364
2026-03-25,FAC-IN-05,Process Controls Hub,TamilNadu-IN,Testing,3475.12,449.49,1199.27,632.65,1240.43,159.31,8.25,1.886,2.366797,1.525348,21.316067,23.322412,0.146397
2026-03-26,FAC-IN-05,Process Controls Hub,TamilNadu-IN,Testing,3571.62,437.08,1262.73,723.6,1255.81,151.84,10.06,2.722,2.36373,1.548411,21.364455,22.55445,0.14854
2026-03-27,FAC-IN-05,Process Controls Hub,TamilNadu-IN,Testing,4476.38,429.87,2252.81,730.73,1312.19,163.33,9.38,4.161,2.393141,1.511713,22.269478,22.013611,0.13478
2026-03-28,FAC-IN-05,Process Controls Hub,TamilNadu-IN,Testing,2891.92,372.92,1349.71,391.84,923.05,106.85,7.4,2.298,1.84923,1.044272,15.399274,15.994436,0.149693
2026-03-29,FAC-IN-05,Process Controls Hub,TamilNadu-IN,Testing,2894.21,165.41,1110.11,523.87,919.22,121.94,6.93,1.757,1.31497,1.19913,16.838252,17.595307,0.144289
2026-03-30,FAC-IN-05,Process Controls Hub,TamilNadu-IN,Testing,3991.25,420.01,1532.54,736.08,1371.9,184.05,11.46,3.74,2.417873,1.652604,25.283813,25.614594,0.139171
2026-03-31,FAC-IN-05,Process Controls Hub,TamilNadu-IN,Testing,4363.96,517.65,913.64,716.3,1331.31,158.25,9.56,3.139,2.641692,2.294611,21.809984,23.606826,0.14917
2026-04-01,FAC-IN-05,Process Controls Hub,TamilNadu-IN,Testing,4278.89,516.3,2181.04,754.79,1357.41,168.61,11.28,3.954,2.667315,1.427348,23.625169,23.766215,0.140955
2026-04-02,FAC-IN-05,Process Controls Hub,TamilNadu-IN,Testing,4350.36,479.7,1900.0,691.38,1208.62,142.58,11.13,3.98,2.432212,1.654369,20.836377,20.942976,0.146886
2026-04-03,FAC-IN-05,Process Controls Hub,TamilNadu-IN,Testing,4568.65,395.03,1781.15,668.43,1083.58,144.38,9.83,3.074,2.095904,1.87446,20.463703,21.359665,0.14794
2026-04-04,FAC-IN-05,Process Controls Hub,TamilNadu-IN,Testing,2870.19,289.82,1299.38,336.05,433.55,56.91,5.81,2.772,1.204755,1.06215,9.542046,9.037103,0.158802
2026-04-05,FAC-IN-05,Process Controls Hub,TamilNadu-IN,Testing,2227.29,209.81,693.24,501.35,804.45,100.79,5.53,3.836,1.333295,1.025892,14.053865,12.576571,0.124784
2026-04-06,FAC-IN-05,Process Controls Hub,TamilNadu-IN,Testing,3529.65,483.36,1814.92,711.87,1058.2,127.0,8.34,2.77,2.319537,1.167316,18.069417,18.786302,0.147927
2026-04-07,FAC-IN-05,Process Controls Hub,TamilNadu-IN,Testing,3750.74,527.28,1586.92,678.77,1184.24,138.19,9.28,3.769,2.536833,1.459107,19.601577,19.828025,0.143482
2026-04-08,FAC-IN-05,Process Controls Hub,TamilNadu-IN,Testing,3315.36,423.2,1305.42,738.78,1330.32,173.89,10.56,4.684,2.392022,1.352007,23.860245,22.920407,0.131811
2026-04-09,FAC-IN-05,Process Controls Hub,TamilNadu-IN,Testing,3668.57,467.97,968.82,760.3,1268.13,164.45,10.44,3.201,2.463853,1.800472,22.845769,23.90879,0.145389
2026-04-10,FAC-IN-05,Process Controls Hub,TamilNadu-IN,Testing,3566.94,438.85,1587.81,635.72,2012.83,216.62,12.99,3.62,2.987667,1.33727,29.22343,29.92793,0.138161
2026-04-11,FAC-IN-05,Process Controls Hub,TamilNadu-IN,Testing,1841.72,200.77,557.9,575.65,965.36,115.65,6.33,1.802,1.458343,0.858106,15.969557,16.484038,0.142534
2026-04-12,FAC-IN-05,Process Controls Hub,TamilNadu-IN,Testing,2167.82,315.44,674.53,384.4,773.87,96.8,5.55,1.245,1.56846,0.998631,13.578372,14.900878,0.153936
2026-04-13,FAC-IN-05,Process Controls Hub,TamilNadu-IN,Testing,3544.52,427.82,817.67,706.65,1438.79,187.94,11.53,4.018,2.489408,1.815365,25.697279,25.9836,0.138258
2026-04-14,FAC-IN-05,Process Controls Hub,TamilNadu-IN,Testing,3194.26,356.39,1123.71,754.76,1312.16,171.03,10.44,3.823,2.200751,1.388399,23.522044,23.287858,0.136162
2026-04-15,FAC-IN-05,Process Controls Hub,TamilNadu-IN,Testing,3580.68,372.45,1373.41,933.02,1568.01,172.02,9.98,3.632,2.492559,1.483547,23.542005,23.886542,0.138861
2026-04-16,FAC-IN-05,Process Controls Hub,TamilNadu-IN,Testing,3435.43,418.86,1388.24,894.87,1062.62,128.63,6.69,2.966,2.185183,1.378219,17.658861,18.256091,0.141931
2026-04-17,FAC-IN-05,Process Controls Hub,TamilNadu-IN,Testing,3144.12,443.63,1378.77,817.57,1241.3,149.89,7.9,2.753,2.386965,1.192077,20.311883,21.138084,0.14102
2026-04-18,FAC-IN-05,Process Controls Hub,TamilNadu-IN,Testing,2287.49,302.88,1019.11,448.6,878.56,115.17,9.29,2.984,1.634945,0.857055,17.084043,16.591979,0.144068
2026-04-19,FAC-IN-05,Process Controls Hub,TamilNadu-IN,Testing,2161.52,237.17,1046.85,338.3,925.67,115.77,6.13,3.679,1.477471,0.75619,15.751677,14.306148,0.123571
2026-04-20,FAC-IN-05,Process Controls Hub,TamilNadu-IN,Testing,4026.31,382.47,1345.85,669.33,1312.05,162.39,8.68,4.208,2.25432,1.795214,21.837528,21.678874,0.133496
2026-04-21,FAC-IN-05,Process Controls Hub,TamilNadu-IN,Testing,4189.82,486.4,2071.34,754.32,1371.22,172.32,12.84,4.216,2.598693,1.438783,24.663708,24.485638,0.142093
2026-04-22,FAC-IN-05,Process Controls Hub,TamilNadu-IN,Testing,4428.48,485.68,1428.3,644.14,1206.7,154.02,8.19,3.694,2.437631,2.007803,20.752982,21.504773,0.139623
2026-04-23,FAC-IN-05,Process Controls Hub,TamilNadu-IN,Testing,4387.39,483.67,942.57,495.0,1323.3,161.36,9.83,2.707,2.501871,2.291556,22.109428,24.195438,0.149945
2026-04-24,FAC-IN-05,Process Controls Hub,TamilNadu-IN,Testing,4652.18,496.45,2188.68,766.17,1620.78,203.86,12.35,4.507,2.837513,1.668751,27.720262,27.719259,0.135973
2026-04-25,FAC-IN-05,Process Controls Hub,TamilNadu-IN,Testing,2137.3,357.26,530.06,382.68,887.99,113.17,7.97,3.652,1.776093,1.070951,16.285506,15.480148,0.136785
2026-04-26,FAC-IN-05,Process Controls Hub,TamilNadu-IN,Testing,2745.27,375.99,576.92,422.66,1048.97,121.81,7.36,2.526,1.969098,1.442101,16.942901,17.827755,0.146358
2026-04-27,FAC-IN-05,Process Controls Hub,TamilNadu-IN,Testing,4326.57,387.23,2204.88,772.42,1505.96,168.56,9.19,3.662,2.449533,1.443544,22.755874,22.987305,0.136372
2026-04-28,FAC-IN-05,Process Controls Hub,TamilNadu-IN,Testing,4756.88,474.48,1353.06,559.72,1110.9,143.65,8.75,2.387,2.311104,2.272635,19.868531,22.065214,0.153602
2026-04-29,FAC-IN-05,Process Controls Hub,TamilNadu-IN,Testing,3163.7,392.22,1201.59,641.26,1249.43,151.61,6.24,3.72,2.222494,1.318391,19.68683,19.508024,0.128669
2026-04-30,FAC-IN-05,Process Controls Hub,TamilNadu-IN,Testing,3864.28,405.72,1268.24,746.44,1153.82,134.63,4.5,2.729,2.198368,1.737979,17.26819,18.475203,0.137226
2026-05-01,FAC-IN-05,Process Controls Hub,TamilNadu-IN,Testing,3226.94,373.81,871.8,705.56,1270.55,168.15,10.51,1.876,2.203137,1.571185,23.224708,25.123421,0.149412
2026-05-02,FAC-IN-05,Process Controls Hub,TamilNadu-IN,Testing,2106.39,265.44,666.68,370.06,630.29,81.64,6.52,3.331,1.31113,0.963122,12.4118,11.354982,0.139093
2026-05-03,FAC-IN-05,Process Controls Hub,TamilNadu-IN,Testing,2402.85,262.4,949.02,508.92,802.58,100.19,8.33,3.277,1.474106,0.978026,15.174409,14.349653,0.143227
2026-05-04,FAC-IN-05,Process Controls Hub,TamilNadu-IN,Testing,3837.36,413.77,1635.05,779.76,1184.94,157.04,8.88,3.536,2.252419,1.485459,21.441413,21.643385,0.137817
2026-05-05,FAC-IN-05,Process Controls Hub,TamilNadu-IN,Testing,3417.44,463.37,960.55,786.71,1308.04,167.32,9.8,3.509,2.490072,1.640076,22.891904,23.513238,0.140531
2026-05-06,FAC-IN-05,Process Controls Hub,TamilNadu-IN,Testing,3537.08,472.6,1389.55,801.86,1517.45,182.23,10.0,3.561,2.693584,1.444454,24.523053,25.099925,0.137735
2026-05-07,FAC-IN-05,Process Controls Hub,TamilNadu-IN,Testing,3306.4,448.07,1255.19,675.82,1408.72,168.24,8.83,3.606,2.512552,1.378239,22.509698,22.79447,0.135489
2026-05-08,FAC-IN-05,Process Controls Hub,TamilNadu-IN,Testing,3758.48,466.27,1460.56,738.31,1204.7,160.12,7.07,3.382,2.401841,1.545087,20.973253,21.538478,0.134514
2026-05-09,FAC-IN-05,Process Controls Hub,TamilNadu-IN,Testing,2208.56,294.87,949.57,370.36,903.26,107.44,5.46,3.43,1.619342,0.849482,14.631508,13.669965,0.127228
2026-05-10,FAC-IN-05,Process Controls Hub,TamilNadu-IN,Testing,2001.92,260.81,922.94,459.41,1065.1,122.52,7.46,2.433,1.680933,0.730191,17.082731,17.060396,0.13925
2026-05-11,FAC-IN-05,Process Controls Hub,TamilNadu-IN,Testing,3479.7,422.54,1064.82,821.95,1342.44,167.09,12.25,3.029,2.416243,1.614416,23.91998,24.921485,0.149149
2026-05-12,FAC-IN-05,Process Controls Hub,TamilNadu-IN,Testing,3359.3,419.37,1388.22,837.32,1189.54,146.41,9.16,2.712,2.282209,1.328007,20.495615,21.39378,0.146118
2026-05-13,FAC-IN-05,Process Controls Hub,TamilNadu-IN,Testing,3410.74,424.47,1432.13,596.09,1195.52,156.79,8.26,3.82,2.255058,1.333841,21.04192,20.810824,0.132727
2026-05-14,FAC-IN-05,Process Controls Hub,TamilNadu-IN,Testing,4022.33,444.52,1242.37,728.84,1005.01,133.23,7.39,3.994,2.174006,1.858812,18.325065,18.363887,0.137839
2026-05-15,FAC-IN-05,Process Controls Hub,TamilNadu-IN,Testing,4341.41,432.75,1170.91,624.25,1278.24,152.58,10.15,3.017,2.352108,2.115083,21.41613,22.866401,0.149865
2026-05-16,FAC-IN-05,Process Controls Hub,TamilNadu-IN,Testing,2429.59,351.19,772.86,392.1,685.52,83.39,6.17,2.958,1.59152,1.108415,12.462508,12.204108,0.146342
